country,year,food_category,price,num_observations,price_2019,inflation_pct,Country Code,general_inflation_pct,gdp_per_capita
Afghanistan,2019,Cereals & Grains,30.92,275,30.92,0.0,AFG,2.30237251516839,496.6025042585
Afghanistan,2019,Other,165.21,384,165.21,0.0,AFG,2.30237251516839,496.6025042585
Afghanistan,2020,Cereals & Grains,37.61,1699,30.92,21.63648124191461,AFG,5.60188791482222,510.787063366811
Afghanistan,2020,Other,77.0,1488,165.21,-53.39265177652685,AFG,5.60188791482222,510.787063366811
Afghanistan,2021,Cereals & Grains,41.894999999999996,2420,30.92,35.494825355756774,AFG,5.1332034082496,356.496214115892
Afghanistan,2021,Other,80.26,2040,165.21,-51.41940560498759,AFG,5.1332034082496,356.496214115892
Afghanistan,2022,Cereals & Grains,50.84,2417,30.92,64.42432082794308,AFG,13.7121023720065,357.261152798144
Afghanistan,2022,Other,94.84,2032,165.21,-42.594273954361114,AFG,13.7121023720065,357.261152798144
Afghanistan,2023,Cereals & Grains,47.0,2407,30.92,52.005174644243205,AFG,-4.64470870797776,413.757894705303
Afghanistan,2023,Other,86.77,2028,165.21,-47.478966164275775,AFG,-4.64470870797776,413.757894705303
Afghanistan,2024,Cereals & Grains,37.4,2407,30.92,20.95730918499352,AFG,-6.60118564073727,
Afghanistan,2024,Other,71.0,2028,165.21,-57.02439319653774,AFG,-6.60118564073727,
Afghanistan,2025,Cereals & Grains,35.86,2186,30.92,15.976714100905554,,,
Afghanistan,2025,Other,71.88,1857,165.21,-56.49173778826948,,,
Angola,2019,Cereals & Grains,631.435,48,631.435,0.0,AGO,17.080954143438,2189.85571407618
Angola,2019,Dairy,9249.005000000001,12,9249.005000000001,0.0,AGO,17.080954143438,2189.85571407618
Angola,2019,Oils & Fats,1888.15,16,1888.15,0.0,AGO,17.080954143438,2189.85571407618
Angola,2019,Sugar & Sweeteners,979.63,7,979.63,0.0,AGO,17.080954143438,2189.85571407618
Angola,2020,Cereals & Grains,792.27,48,631.435,25.471347011172973,AGO,22.271539247051,1449.92286669308
Angola,2020,Dairy,11416.369999999999,12,9249.005000000001,23.43349365688523,AGO,22.271539247051,1449.92286669308
Angola,2020,Oils & Fats,2234.07,17,1888.15,18.32057834388158,AGO,22.271539247051,1449.92286669308
Angola,2020,Sugar & Sweeteners,1236.105,6,979.63,26.18080295621817,AGO,22.271539247051,1449.92286669308
Argentina,2019,Cereals & Grains,39.39,51,39.39,0.0,ARG,53.5483043492339,9955.97478680428
Argentina,2019,Dairy,45.825,12,45.825,0.0,ARG,53.5483043492339,9955.97478680428
Argentina,2019,Proteins,135.35,1,135.35,0.0,ARG,53.5483043492339,9955.97478680428
Argentina,2019,Sugar & Sweeteners,38.61,12,38.61,0.0,ARG,53.5483043492339,9955.97478680428
Argentina,2019,Vegetables,23.42,12,23.42,0.0,ARG,53.5483043492339,9955.97478680428
Argentina,2020,Cereals & Grains,46.12,51,39.39,17.085554709317076,ARG,42.0150947376509,8535.59938004389
Argentina,2020,Dairy,55.805,12,45.825,21.778505182760494,ARG,42.0150947376509,8535.59938004389
Argentina,2020,Proteins,248.81,1,135.35,83.82711488732916,ARG,42.0150947376509,8535.59938004389
Argentina,2020,Sugar & Sweeteners,64.405,12,38.61,66.80911680911682,ARG,42.0150947376509,8535.59938004389
Argentina,2020,Vegetables,36.565,12,23.42,56.12724167378307,ARG,42.0150947376509,8535.59938004389
Argentina,2021,Cereals & Grains,59.415,50,39.39,50.83777608530083,ARG,48.4093786255199,10738.0179223384
Argentina,2021,Dairy,84.5,12,45.825,84.39716312056737,ARG,48.4093786255199,10738.0179223384
Argentina,2021,Sugar & Sweeteners,72.5,12,38.61,87.77518777518777,ARG,48.4093786255199,10738.0179223384
Argentina,2021,Vegetables,54.03,12,23.42,130.7002561912895,ARG,48.4093786255199,10738.0179223384
Argentina,2022,Cereals & Grains,86.18,23,39.39,118.7864940340188,ARG,72.430757531824,13935.6811110049
Argentina,2022,Dairy,108.75,5,45.825,137.31587561374795,ARG,72.430757531824,13935.6811110049
Argentina,2022,Proteins,559.84,1,135.35,313.6239379386775,ARG,72.430757531824,13935.6811110049
Argentina,2022,Sugar & Sweeteners,98.46,5,38.61,155.011655011655,ARG,72.430757531824,13935.6811110049
Argentina,2022,Vegetables,68.2,5,23.42,191.20409906063193,ARG,72.430757531824,13935.6811110049
Armenia,2019,Cereals & Grains,455.4,373,455.4,0.0,ARM,1.44344660770699,4597.22887399548
Armenia,2019,Dairy,420.2,152,420.2,0.0,ARM,1.44344660770699,4597.22887399548
Armenia,2019,Other,408.5,627,408.5,0.0,ARM,1.44344660770699,4597.22887399548
Armenia,2019,Proteins,1531.2,378,1531.2,0.0,ARM,1.44344660770699,4597.22887399548
Armenia,2019,Pulses & Legumes,949.7,249,949.7,0.0,ARM,1.44344660770699,4597.22887399548
Armenia,2019,Sugar & Sweeteners,297.65,132,297.65,0.0,ARM,1.44344660770699,4597.22887399548
Armenia,2019,Vegetables,645.8,513,645.8,0.0,ARM,1.44344660770699,4597.22887399548
Armenia,2020,Cereals & Grains,443.0,398,455.4,-2.722880983750544,ARM,1.2114357783847,4268.68093304583
Armenia,2020,Dairy,434.5,153,420.2,3.4031413612565475,ARM,1.2114357783847,4268.68093304583
Armenia,2020,Other,328.8,652,408.5,-19.510403916768663,ARM,1.2114357783847,4268.68093304583
Armenia,2020,Proteins,1358.8,393,1531.2,-11.259143155694886,ARM,1.2114357783847,4268.68093304583
Armenia,2020,Pulses & Legumes,937.3,248,949.7,-1.305675476466262,ARM,1.2114357783847,4268.68093304583
Armenia,2020,Sugar & Sweeteners,279.3,132,297.65,-6.164958844280184,ARM,1.2114357783847,4268.68093304583
Armenia,2020,Vegetables,663.8,505,645.8,2.7872406317745435,ARM,1.2114357783847,4268.68093304583
Armenia,2021,Cereals & Grains,492.0,432,455.4,8.036890645586304,ARM,7.18483629443367,4685.17997128509
Armenia,2021,Dairy,432.1,243,420.2,2.831984769157552,ARM,7.18483629443367,4685.17997128509
Armenia,2021,Other,425.2,627,408.5,4.088127294981637,ARM,7.18483629443367,4685.17997128509
Armenia,2021,Proteins,1611.9,385,1531.2,5.270376175548592,ARM,7.18483629443367,4685.17997128509
Armenia,2021,Pulses & Legumes,1024.4,255,949.7,7.865641781615251,ARM,7.18483629443367,4685.17997128509
Armenia,2021,Sugar & Sweeteners,405.45,132,297.65,36.217033428523436,ARM,7.18483629443367,4685.17997128509
Armenia,2021,Vegetables,888.0,499,645.8,37.50387116754414,ARM,7.18483629443367,4685.17997128509
Armenia,2022,Cereals & Grains,544.0,418,455.4,19.455423803249897,ARM,8.64091108973852,6571.97445545099
Armenia,2022,Dairy,427.9,286,420.2,1.8324607329842906,ARM,8.64091108973852,6571.97445545099
Armenia,2022,Other,497.9,627,408.5,21.88494492044063,ARM,8.64091108973852,6571.97445545099
Armenia,2022,Proteins,1673.5,387,1531.2,9.293364681295714,ARM,8.64091108973852,6571.97445545099
Armenia,2022,Pulses & Legumes,1272.4,256,949.7,33.979151310940296,ARM,8.64091108973852,6571.97445545099
Armenia,2022,Sugar & Sweeteners,434.5,132,297.65,45.97681841088528,ARM,8.64091108973852,6571.97445545099
Armenia,2022,Vegetables,1005.8,503,645.8,55.744812635490874,ARM,8.64091108973852,6571.97445545099
Armenia,2023,Cereals & Grains,537.6,391,455.4,18.050065876152843,ARM,1.98041877615558,8125.27395754003
Armenia,2023,Dairy,450.3,281,420.2,7.16325559257497,ARM,1.98041877615558,8125.27395754003
Armenia,2023,Other,428.6,624,408.5,4.920440636474914,ARM,1.98041877615558,8125.27395754003
Armenia,2023,Proteins,1630.05,384,1531.2,6.45572100313479,ARM,1.98041877615558,8125.27395754003
Armenia,2023,Pulses & Legumes,1055.65,248,949.7,11.156154575128992,ARM,1.98041877615558,8125.27395754003
Armenia,2023,Sugar & Sweeteners,406.95,132,297.65,36.72098101797413,ARM,1.98041877615558,8125.27395754003
Armenia,2023,Vegetables,723.3,495,645.8,12.000619386807061,ARM,1.98041877615558,8125.27395754003
Armenia,2024,Cereals & Grains,510.0,394,455.4,11.989459815546779,ARM,0.269511978259078,8500.60522486719
Armenia,2024,Dairy,458.6,287,420.2,9.138505473584017,ARM,0.269511978259078,8500.60522486719
Armenia,2024,Other,480.25,616,408.5,17.564259485924115,ARM,0.269511978259078,8500.60522486719
Armenia,2024,Proteins,1556.1,385,1531.2,1.6261755485893328,ARM,0.269511978259078,8500.60522486719
Armenia,2024,Pulses & Legumes,1043.9,249,949.7,9.918921764767825,ARM,0.269511978259078,8500.60522486719
Armenia,2024,Sugar & Sweeteners,385.65,132,297.65,29.564925247774234,ARM,0.269511978259078,8500.60522486719
Armenia,2024,Vegetables,659.2,493,645.8,2.0749458036543964,ARM,0.269511978259078,8500.60522486719
Armenia,2025,Cereals & Grains,497.7,269,455.4,9.288537549407119,,,
Armenia,2025,Dairy,455.65,194,420.2,8.436458829128984,,,
Armenia,2025,Other,481.65,428,408.5,17.90697674418604,,,
Armenia,2025,Proteins,1504.9,260,1531.2,-1.717607105538137,,,
Armenia,2025,Pulses & Legumes,1002.2,172,949.7,5.528061493103085,,,
Armenia,2025,Sugar & Sweeteners,362.2,88,297.65,21.68654459936167,,,
Armenia,2025,Vegetables,770.3,331,645.8,19.278414369773923,,,
BTN,2019,Cereals & Grains,25.46,373,25.46,0.0,,,
BTN,2019,Other,7.84,7,7.84,0.0,,,
BTN,2019,Pulses & Legumes,61.870000000000005,198,61.870000000000005,0.0,,,
BTN,2019,Vegetables,89.61,107,89.61,0.0,,,
BTN,2020,Cereals & Grains,30.47,456,25.46,19.677926158680275,,,
BTN,2020,Other,8.83,7,7.84,12.627551020408168,,,
BTN,2020,Pulses & Legumes,77.8,197,61.870000000000005,25.747535154355894,,,
BTN,2020,Vegetables,98.49,175,89.61,9.909608302644788,,,
BTN,2021,Cereals & Grains,28.09,427,25.46,10.329929300864096,,,
BTN,2021,Other,8.83,7,7.84,12.627551020408168,,,
BTN,2021,Pulses & Legumes,85.79,199,61.870000000000005,38.66171003717472,,,
BTN,2021,Vegetables,159.21,182,89.61,77.66990291262137,,,
BTN,2022,Cereals & Grains,28.715,444,25.46,12.784760408483892,,,
BTN,2022,Other,9.575,8,7.84,22.13010204081632,,,
BTN,2022,Pulses & Legumes,89.47,181,61.870000000000005,44.609665427509285,,,
BTN,2022,Vegetables,156.63,178,89.61,74.7907599598259,,,
BTN,2023,Cereals & Grains,33.545,300,25.46,31.755695208169683,,,
BTN,2023,Other,12.95,77,7.84,65.17857142857142,,,
BTN,2023,Pulses & Legumes,77.76,113,61.870000000000005,25.68288346533053,,,
BTN,2023,Vegetables,139.13,49,89.61,55.26168954357772,,,
BTN,2024,Cereals & Grains,36.865,68,25.46,44.795758051846036,,,
BTN,2024,Other,12.65,27,7.84,61.352040816326536,,,
BTN,2024,Pulses & Legumes,81.0,37,61.870000000000005,30.919670276385965,,,
BTN,2024,Vegetables,143.025,32,89.61,59.60830264479412,,,
Bangladesh,2019,Cereals & Grains,32.6,129,32.6,0.0,BGD,5.59199639930633,2129.79896954606
Bangladesh,2019,Oils & Fats,66.83,37,66.83,0.0,BGD,5.59199639930633,2129.79896954606
Bangladesh,2019,Pulses & Legumes,59.765,40,59.765,0.0,BGD,5.59199639930633,2129.79896954606
Bangladesh,2020,Cereals & Grains,35.0,478,32.6,7.361963190184044,BGD,5.69107474746208,2248.85078828233
Bangladesh,2020,Oils & Fats,78.07,218,66.83,16.818793954810708,BGD,5.69107474746208,2248.85078828233
Bangladesh,2020,Pulses & Legumes,72.5,162,59.765,21.308458127666693,BGD,5.69107474746208,2248.85078828233
Bangladesh,2021,Cereals & Grains,37.57,663,32.6,15.24539877300613,BGD,5.54565430773475,2482.84917843357
Bangladesh,2021,Oils & Fats,114.35,379,66.83,71.10579081250935,BGD,5.54565430773475,2482.84917843357
Bangladesh,2021,Pulses & Legumes,74.5,266,59.765,24.654898351878188,BGD,5.54565430773475,2482.84917843357
Bangladesh,2022,Cereals & Grains,46.575,640,32.6,42.8680981595092,BGD,7.69695437176898,2716.48592780431
Bangladesh,2022,Oils & Fats,139.73,369,66.83,109.08274726919048,BGD,7.69695437176898,2716.48592780431
Bangladesh,2022,Pulses & Legumes,98.35,273,59.765,64.56119802560025,BGD,7.69695437176898,2716.48592780431
Bangladesh,2023,Cereals & Grains,54.5,713,32.6,67.17791411042944,BGD,9.88350303779208,2551.01773827307
Bangladesh,2023,Oils & Fats,128.16500000000002,442,66.83,91.77764477031278,BGD,9.88350303779208,2551.01773827307
Bangladesh,2023,Pulses & Legumes,102.38499999999999,350,59.765,71.31264117794694,BGD,9.88350303779208,2551.01773827307
Bangladesh,2024,Cereals & Grains,51.75,999,32.6,58.74233128834355,BGD,10.4657482763412,2593.41607390407
Bangladesh,2024,Oils & Fats,136.5,645,66.83,104.24958850815503,BGD,10.4657482763412,2593.41607390407
Bangladesh,2024,Pulses & Legumes,111.0,486,59.765,85.72743244373797,BGD,10.4657482763412,2593.41607390407
Bangladesh,2025,Cereals & Grains,52.04,488,32.6,59.631901840490784,,,
Bangladesh,2025,Oils & Fats,164.45,595,66.83,146.0721232979201,,,
Bangladesh,2025,Pulses & Legumes,107.43,255,59.765,79.75403664352046,,,
Belarus,2019,Cereals & Grains,2.015,24,2.015,0.0,BLR,5.59815595039853,6837.77339645635
Belarus,2019,Vegetables,0.81,12,0.81,0.0,BLR,5.59815595039853,6837.77339645635
Belarus,2020,Cereals & Grains,2.0,24,2.015,-0.7444168734491377,BLR,5.54814357456511,6542.85579976768
Belarus,2020,Vegetables,0.87,12,0.81,7.4074074074074,BLR,5.54814357456511,6542.85579976768
Belarus,2021,Cereals & Grains,2.085,24,2.015,3.4739454094292723,BLR,9.46028389623105,7489.71894713888
Belarus,2021,Vegetables,1.31,12,0.81,61.72839506172839,BLR,9.46028389623105,7489.71894713888
Belarus,2022,Cereals & Grains,2.235,10,2.015,10.918114143920581,BLR,15.209675274081,7994.64806074889
Belarus,2022,Vegetables,1.49,5,0.81,83.9506172839506,BLR,15.209675274081,7994.64806074889
Benin,2019,Cereals & Grains,412.5,787,412.5,0.0,BEN,0.732849371241047,1130.82135339795
Benin,2019,Oils & Fats,750.0,403,750.0,0.0,BEN,0.732849371241047,1130.82135339795
Benin,2019,Other,300.0,2572,300.0,0.0,BEN,0.732849371241047,1130.82135339795
Benin,2019,Proteins,1200.0,191,1200.0,0.0,BEN,0.732849371241047,1130.82135339795
Benin,2019,Pulses & Legumes,380.43,554,380.43,0.0,BEN,0.732849371241047,1130.82135339795
Benin,2019,Vegetables,325.0,478,325.0,0.0,BEN,0.732849371241047,1130.82135339795
Benin,2020,Cereals & Grains,425.53,1782,412.5,3.158787878787872,BEN,3.02272119663757,1200.19426631122
Benin,2020,Oils & Fats,800.0,845,750.0,6.666666666666667,BEN,3.02272119663757,1200.19426631122
Benin,2020,Other,357.14,5545,300.0,19.046666666666663,BEN,3.02272119663757,1200.19426631122
Benin,2020,Proteins,1258.33,487,1200.0,4.860833333333328,BEN,3.02272119663757,1200.19426631122
Benin,2020,Pulses & Legumes,421.51,1214,380.43,10.798307178718813,BEN,3.02272119663757,1200.19426631122
Benin,2020,Vegetables,350.0,1501,325.0,7.6923076923076925,BEN,3.02272119663757,1200.19426631122
Benin,2021,Cereals & Grains,450.0,1968,412.5,9.090909090909092,BEN,1.73353962694033,1318.65158107487
Benin,2021,Oils & Fats,1000.0,966,750.0,33.33333333333333,BEN,1.73353962694033,1318.65158107487
Benin,2021,Other,417.445,6178,300.0,39.148333333333326,BEN,1.73353962694033,1318.65158107487
Benin,2021,Proteins,1400.0,565,1200.0,16.666666666666664,BEN,1.73353962694033,1318.65158107487
Benin,2021,Pulses & Legumes,523.26,1362,380.43,37.5443577004968,BEN,1.73353962694033,1318.65158107487
Benin,2021,Vegetables,366.33500000000004,1744,325.0,12.71846153846155,BEN,1.73353962694033,1318.65158107487
Benin,2022,Cereals & Grains,505.32,1802,412.5,22.50181818181818,BEN,1.35077863583529,1266.42710981159
Benin,2022,Oils & Fats,1200.0,847,750.0,60.0,BEN,1.35077863583529,1266.42710981159
Benin,2022,Other,431.03,5758,300.0,43.676666666666655,BEN,1.35077863583529,1266.42710981159
Benin,2022,Proteins,1500.0,515,1200.0,25.0,BEN,1.35077863583529,1266.42710981159
Benin,2022,Pulses & Legumes,581.4,1257,380.43,52.82706411166311,BEN,1.35077863583529,1266.42710981159
Benin,2022,Vegetables,417.08500000000004,1650,325.0,28.333846153846164,BEN,1.35077863583529,1266.42710981159
Benin,2023,Cereals & Grains,500.0,2551,412.5,21.21212121212121,BEN,2.73870078406076,1394.17784663045
Benin,2023,Oils & Fats,1100.0,965,750.0,46.666666666666664,BEN,2.73870078406076,1394.17784663045
Benin,2023,Other,428.57,6631,300.0,42.85666666666666,BEN,2.73870078406076,1394.17784663045
Benin,2023,Proteins,1500.0,546,1200.0,25.0,BEN,2.73870078406076,1394.17784663045
Benin,2023,Pulses & Legumes,523.26,1404,380.43,37.5443577004968,BEN,2.73870078406076,1394.17784663045
Benin,2023,Vegetables,416.67,1906,325.0,28.206153846153853,BEN,2.73870078406076,1394.17784663045
Benin,2024,Cereals & Grains,518.75,2798,412.5,25.757575757575758,BEN,1.16093089640415,1485.38018980894
Benin,2024,Oils & Fats,1008.125,992,750.0,34.416666666666664,BEN,1.16093089640415,1485.38018980894
Benin,2024,Other,464.5,6510,300.0,54.833333333333336,BEN,1.16093089640415,1485.38018980894
Benin,2024,Proteins,1500.0,582,1200.0,25.0,BEN,1.16093089640415,1485.38018980894
Benin,2024,Pulses & Legumes,610.25,1423,380.43,60.41058801882081,BEN,1.16093089640415,1485.38018980894
Benin,2024,Vegetables,425.0,1916,325.0,30.76923076923077,BEN,1.16093089640415,1485.38018980894
Bolivia,2019,Cereals & Grains,9.14,477,9.14,0.0,BOL,1.83954504969027,3503.89601123129
Bolivia,2019,Dairy,5.0,53,5.0,0.0,BOL,1.83954504969027,3503.89601123129
Bolivia,2019,Other,9.8,102,9.8,0.0,BOL,1.83954504969027,3503.89601123129
Bolivia,2019,Proteins,15.32,266,15.32,0.0,BOL,1.83954504969027,3503.89601123129
Bolivia,2019,Sugar & Sweeteners,5.37,94,5.37,0.0,BOL,1.83954504969027,3503.89601123129
Bolivia,2019,Vegetables,41.36,201,41.36,0.0,BOL,1.83954504969027,3503.89601123129
Bolivia,2020,Cereals & Grains,8.08,448,9.14,-11.597374179431078,BOL,0.940742153381827,3099.94219053514
Bolivia,2020,Dairy,5.0,49,5.0,0.0,BOL,0.940742153381827,3099.94219053514
Bolivia,2020,Other,8.08,140,9.8,-17.55102040816327,BOL,0.940742153381827,3099.94219053514
Bolivia,2020,Proteins,15.03,226,15.32,-1.8929503916449146,BOL,0.940742153381827,3099.94219053514
Bolivia,2020,Sugar & Sweeteners,5.305,88,5.37,-1.2104283054003797,BOL,0.940742153381827,3099.94219053514
Bolivia,2020,Vegetables,30.15,165,41.36,-27.103481624758224,BOL,0.940742153381827,3099.94219053514
Bolivia,2021,Cereals & Grains,8.67,449,9.14,-5.142231947483595,BOL,0.737383721452307,3384.84486462654
Bolivia,2021,Dairy,5.0,61,5.0,0.0,BOL,0.737383721452307,3384.84486462654
Bolivia,2021,Other,8.01,113,9.8,-18.265306122448987,BOL,0.737383721452307,3384.84486462654
Bolivia,2021,Proteins,15.07,230,15.32,-1.6318537859007831,BOL,0.737383721452307,3384.84486462654
Bolivia,2021,Sugar & Sweeteners,5.06,49,5.37,-5.772811918063324,BOL,0.737383721452307,3384.84486462654
Bolivia,2021,Vegetables,21.3,121,41.36,-48.500967117988395,BOL,0.737383721452307,3384.84486462654
Bolivia,2022,Cereals & Grains,6.58,324,9.14,-28.008752735229763,BOL,1.74632872945968,3643.92826984604
Bolivia,2022,Dairy,5.0,58,5.0,0.0,BOL,1.74632872945968,3643.92826984604
Bolivia,2022,Other,8.86,81,9.8,-9.59183673469389,BOL,1.74632872945968,3643.92826984604
Bolivia,2022,Proteins,14.82,227,15.32,-3.2637075718015662,BOL,1.74632872945968,3643.92826984604
Bolivia,2022,Sugar & Sweeteners,5.61,27,5.37,4.469273743016763,BOL,1.74632872945968,3643.92826984604
Bolivia,2022,Vegetables,34.86,97,41.36,-15.715667311411993,BOL,1.74632872945968,3643.92826984604
Bolivia,2023,Cereals & Grains,5.25,251,9.14,-42.560175054704594,BOL,2.57688800489189,3686.27996442176
Bolivia,2023,Dairy,5.0,50,5.0,0.0,BOL,2.57688800489189,3686.27996442176
Bolivia,2023,Other,9.08,78,9.8,-7.3469387755102105,BOL,2.57688800489189,3686.27996442176
Bolivia,2023,Proteins,15.844999999999999,236,15.32,3.4268929503916357,BOL,2.57688800489189,3686.27996442176
Bolivia,2023,Sugar & Sweeteners,6.4,25,5.37,19.1806331471136,BOL,2.57688800489189,3686.27996442176
Bolivia,2023,Vegetables,29.545,102,41.36,-28.566247582205023,BOL,2.57688800489189,3686.27996442176
Bolivia,2024,Cereals & Grains,6.36,247,9.14,-30.41575492341357,BOL,5.09976568317427,4001.21133990795
Bolivia,2024,Dairy,5.0,53,5.0,0.0,BOL,5.09976568317427,4001.21133990795
Bolivia,2024,Other,10.0,72,9.8,2.0408163265306047,BOL,5.09976568317427,4001.21133990795
Bolivia,2024,Proteins,15.53,207,15.32,1.370757180156652,BOL,5.09976568317427,4001.21133990795
Bolivia,2024,Sugar & Sweeteners,6.55,25,5.37,21.973929236499064,BOL,5.09976568317427,4001.21133990795
Bolivia,2024,Vegetables,26.96,104,41.36,-34.81624758220503,BOL,5.09976568317427,4001.21133990795
Bolivia,2025,Cereals & Grains,7.52,142,9.14,-17.72428884026259,,,
Bolivia,2025,Dairy,6.0,29,5.0,20.0,,,
Bolivia,2025,Other,12.0,34,9.8,22.448979591836725,,,
Bolivia,2025,Proteins,21.75,123,15.32,41.97127937336814,,,
Bolivia,2025,Sugar & Sweeteners,7.18,13,5.37,33.70577281191805,,,
Bolivia,2025,Vegetables,28.76,61,41.36,-30.4642166344294,,,
Burkina Faso,2019,Cereals & Grains,173.0,781,173.0,0.0,BFA,-3.23338933983324,764.853077774946
Burkina Faso,2019,Other,187.0,1503,187.0,0.0,BFA,-3.23338933983324,764.853077774946
Burkina Faso,2019,Pulses & Legumes,277.0,497,277.0,0.0,BFA,-3.23338933983324,764.853077774946
Burkina Faso,2020,Cereals & Grains,278.0,925,173.0,60.69364161849711,BFA,1.88470066518848,825.237038782475
Burkina Faso,2020,Other,215.0,1607,187.0,14.973262032085561,BFA,1.88470066518848,825.237038782475
Burkina Faso,2020,Pulses & Legumes,312.0,505,277.0,12.63537906137184,BFA,1.88470066518848,825.237038782475
Burkina Faso,2021,Cereals & Grains,304.0,959,173.0,75.72254335260115,BFA,3.65326761825511,895.535288442991
Burkina Faso,2021,Other,250.0,1667,187.0,33.68983957219251,BFA,3.65326761825511,895.535288442991
Burkina Faso,2021,Pulses & Legumes,411.0,522,277.0,48.375451263537904,BFA,3.65326761825511,895.535288442991
Burkina Faso,2022,Cereals & Grains,337.0,973,173.0,94.79768786127167,BFA,,836.118304593682
Burkina Faso,2022,Other,373.0,1597,187.0,99.46524064171123,BFA,,836.118304593682
Burkina Faso,2022,Pulses & Legumes,511.0,493,277.0,84.47653429602889,BFA,,836.118304593682
Burkina Faso,2023,Cereals & Grains,332.0,930,173.0,91.90751445086705,BFA,,882.689810086163
Burkina Faso,2023,Other,327.0,1547,187.0,74.8663101604278,BFA,,882.689810086163
Burkina Faso,2023,Pulses & Legumes,338.0,507,277.0,22.021660649819495,BFA,,882.689810086163
Burkina Faso,2024,Cereals & Grains,368.0,912,173.0,112.71676300578035,BFA,4.19081721344524,987.321378101867
Burkina Faso,2024,Other,364.0,1551,187.0,94.6524064171123,BFA,4.19081721344524,987.321378101867
Burkina Faso,2024,Pulses & Legumes,512.0,477,277.0,84.83754512635379,BFA,4.19081721344524,987.321378101867
Burkina Faso,2025,Cereals & Grains,368.0,792,173.0,112.71676300578035,,,
Burkina Faso,2025,Other,373.0,1291,187.0,99.46524064171123,,,
Burkina Faso,2025,Pulses & Legumes,588.5,410,277.0,112.45487364620939,,,
Burundi,2019,Cereals & Grains,1000.0,1813,1000.0,0.0,BDI,-0.686772170797372,210.236494521532
Burundi,2019,Oils & Fats,2500.0,445,2500.0,0.0,BDI,-0.686772170797372,210.236494521532
Burundi,2019,Other,1236.665,1804,1236.665,0.0,BDI,-0.686772170797372,210.236494521532
Burundi,2019,Proteins,7500.0,1109,7500.0,0.0,BDI,-0.686772170797372,210.236494521532
Burundi,2019,Pulses & Legumes,1077.725,414,1077.725,0.0,BDI,-0.686772170797372,210.236494521532
Burundi,2019,Vegetables,1000.0,2175,1000.0,0.0,BDI,-0.686772170797372,210.236494521532
Burundi,2020,Cereals & Grains,1100.0,2031,1000.0,10.0,BDI,7.32110643415518,210.008139902508
Burundi,2020,Oils & Fats,2470.3599999999997,406,2500.0,-1.185600000000013,BDI,7.32110643415518,210.008139902508
Burundi,2020,Other,1400.0,1653,1236.665,13.207699740835233,BDI,7.32110643415518,210.008139902508
Burundi,2020,Proteins,8222.22,1049,7500.0,9.629599999999991,BDI,7.32110643415518,210.008139902508
Burundi,2020,Pulses & Legumes,1276.3899999999999,430,1077.725,18.433737734579783,BDI,7.32110643415518,210.008139902508
Burundi,2020,Vegetables,1033.33,2067,1000.0,3.332999999999993,BDI,7.32110643415518,210.008139902508
Burundi,2021,Cereals & Grains,1141.67,1227,1000.0,14.167000000000007,BDI,8.40453845076341,214.091455416133
Burundi,2021,Oils & Fats,2737.5,278,2500.0,9.5,BDI,8.40453845076341,214.091455416133
Burundi,2021,Other,1432.61,987,1236.665,15.844630518369964,BDI,8.40453845076341,214.091455416133
Burundi,2021,Proteins,8833.33,609,7500.0,17.77773333333333,BDI,8.40453845076341,214.091455416133
Burundi,2021,Pulses & Legumes,1325.0,269,1077.725,22.944164791574856,BDI,8.40453845076341,214.091455416133
Burundi,2021,Vegetables,1035.29,1259,1000.0,3.528999999999996,BDI,8.40453845076341,214.091455416133
Burundi,2022,Cereals & Grains,1706.25,2427,1000.0,70.625,BDI,18.8008786664945,250.634225368744
Burundi,2022,Oils & Fats,4278.75,486,2500.0,71.15,BDI,18.8008786664945,250.634225368744
Burundi,2022,Other,1375.0,1841,1236.665,11.186133674034604,BDI,18.8008786664945,250.634225368744
Burundi,2022,Proteins,11270.83,1182,7500.0,50.27773333333333,BDI,18.8008786664945,250.634225368744
Burundi,2022,Pulses & Legumes,1513.125,470,1077.725,40.399916490756006,BDI,18.8008786664945,250.634225368744
Burundi,2022,Vegetables,1257.8899999999999,2420,1000.0,25.78899999999999,BDI,18.8008786664945,250.634225368744
Burundi,2023,Cereals & Grains,2101.96,2494,1000.0,110.196,BDI,26.9414835762453,192.074305359351
Burundi,2023,Oils & Fats,5500.0,501,2500.0,120.0,BDI,26.9414835762453,192.074305359351
Burundi,2023,Other,1450.0,1923,1236.665,17.250831874436493,BDI,26.9414835762453,192.074305359351
Burundi,2023,Proteins,12437.5,1239,7500.0,65.83333333333333,BDI,26.9414835762453,192.074305359351
Burundi,2023,Pulses & Legumes,2750.0,480,1077.725,155.16713447307987,BDI,26.9414835762453,192.074305359351
Burundi,2023,Vegetables,1593.54,2558,1000.0,59.354,BDI,26.9414835762453,192.074305359351
Burundi,2024,Cereals & Grains,2200.0,2654,1000.0,120.0,BDI,20.2124925027847,153.930217854023
Burundi,2024,Oils & Fats,6000.0,539,2500.0,140.0,BDI,20.2124925027847,153.930217854023
Burundi,2024,Other,2400.0,1893,1236.665,94.0703424128604,BDI,20.2124925027847,153.930217854023
Burundi,2024,Proteins,18000.0,1289,7500.0,140.0,BDI,20.2124925027847,153.930217854023
Burundi,2024,Pulses & Legumes,2809.8,549,1077.725,160.71585979725816,BDI,20.2124925027847,153.930217854023
Burundi,2024,Vegetables,2070.0,2693,1000.0,107.0,BDI,20.2124925027847,153.930217854023
Burundi,2025,Cereals & Grains,2187.5,2463,1000.0,118.75,,,
Burundi,2025,Oils & Fats,10150.0,481,2500.0,306.0,,,
Burundi,2025,Other,3158.895,1778,1236.665,155.43659762344694,,,
Burundi,2025,Proteins,29043.3,1156,7500.0,287.244,,,
Burundi,2025,Pulses & Legumes,2836.46,438,1077.725,163.18958918091354,,,
Burundi,2025,Vegetables,2700.0,2473,1000.0,170.0,,,
CPV,2019,Cereals & Grains,75.79,37,75.79,0.0,,,
CPV,2019,Other,124.43,11,124.43,0.0,,,
CPV,2020,Cereals & Grains,69.39,41,75.79,-8.444385802876376,,,
CPV,2020,Other,165.86,15,124.43,33.29582898014948,,,
CPV,2021,Cereals & Grains,62.44,51,75.79,-17.614461010687435,,,
CPV,2021,Other,130.1,17,124.43,4.556778911837971,,,
CPV,2022,Cereals & Grains,75.61,21,75.79,-0.23749835070590686,,,
CPV,2022,Other,125.63,7,124.43,0.9643976532990345,,,
Cambodia,2019,Cereals & Grains,1854.25,211,1854.25,0.0,KHM,1.94257500833107,2225.87705485686
Cambodia,2019,Other,3000.0,516,3000.0,0.0,KHM,1.94257500833107,2225.87705485686
Cambodia,2019,Proteins,9000.0,487,9000.0,0.0,KHM,1.94257500833107,2225.87705485686
Cambodia,2019,Pulses & Legumes,3500.0,90,3500.0,0.0,KHM,1.94257500833107,2225.87705485686
Cambodia,2019,Vegetables,16750.0,147,16750.0,0.0,KHM,1.94257500833107,2225.87705485686
Cambodia,2020,Cereals & Grains,1981.245,544,1854.25,6.848860725360652,KHM,2.94029514263971,2081.73914242939
Cambodia,2020,Other,2162.795,2156,3000.0,-27.90683333333333,KHM,2.94029514263971,2081.73914242939
Cambodia,2020,Proteins,7000.0,3237,9000.0,-22.22222222222222,KHM,2.94029514263971,2081.73914242939
Cambodia,2020,Pulses & Legumes,3500.0,460,3500.0,0.0,KHM,2.94029514263971,2081.73914242939
Cambodia,2020,Vegetables,20000.0,418,16750.0,19.402985074626866,KHM,2.94029514263971,2081.73914242939
Cambodia,2021,Cereals & Grains,2007.97,527,1854.25,8.290144263179185,KHM,2.92073477592951,2167.40324198499
Cambodia,2021,Other,2025.0,1907,3000.0,-32.5,KHM,2.92073477592951,2167.40324198499
Cambodia,2021,Proteins,7000.0,3084,9000.0,-22.22222222222222,KHM,2.92073477592951,2167.40324198499
Cambodia,2021,Pulses & Legumes,3093.0,403,3500.0,-11.628571428571428,KHM,2.92073477592951,2167.40324198499
Cambodia,2021,Vegetables,26083.5,337,16750.0,55.72238805970149,KHM,2.92073477592951,2167.40324198499
Cambodia,2022,Cereals & Grains,2000.0,498,1854.25,7.860320884454632,KHM,5.34370264895434,2325.03050040841
Cambodia,2022,Other,2500.0,2243,3000.0,-16.666666666666664,KHM,5.34370264895434,2325.03050040841
Cambodia,2022,Proteins,7242.645,3340,9000.0,-19.52616666666666,KHM,5.34370264895434,2325.03050040841
Cambodia,2022,Pulses & Legumes,3823.53,461,3500.0,9.243714285714292,KHM,5.34370264895434,2325.03050040841
Cambodia,2022,Vegetables,31750.0,435,16750.0,89.55223880597015,KHM,5.34370264895434,2325.03050040841
Cambodia,2023,Cereals & Grains,2250.0,505,1854.25,21.34286099501146,KHM,2.12746796594196,2429.74853452838
Cambodia,2023,Other,3000.0,5553,3000.0,0.0,KHM,2.12746796594196,2429.74853452838
Cambodia,2023,Proteins,8000.0,4385,9000.0,-11.11111111111111,KHM,2.12746796594196,2429.74853452838
Cambodia,2023,Pulses & Legumes,4861.11,697,3500.0,38.888857142857134,KHM,2.12746796594196,2429.74853452838
Cambodia,2023,Vegetables,4975.0,1080,16750.0,-70.29850746268657,KHM,2.12746796594196,2429.74853452838
Cambodia,2024,Cereals & Grains,2600.0,484,1854.25,40.21841714979102,KHM,,2627.8796974226
Cambodia,2024,Other,3000.0,6115,3000.0,0.0,KHM,,2627.8796974226
Cambodia,2024,Proteins,7750.0,3909,9000.0,-13.88888888888889,KHM,,2627.8796974226
Cambodia,2024,Pulses & Legumes,5250.0,759,3500.0,50.0,KHM,,2627.8796974226
Cambodia,2024,Vegetables,4000.0,1194,16750.0,-76.11940298507463,KHM,,2627.8796974226
Cambodia,2025,Cereals & Grains,2000.0,189,1854.25,7.860320884454632,,,
Cambodia,2025,Other,3000.0,2574,3000.0,0.0,,,
Cambodia,2025,Proteins,7000.0,1518,9000.0,-22.22222222222222,,,
Cambodia,2025,Pulses & Legumes,5000.0,314,3500.0,42.857142857142854,,,
Cambodia,2025,Vegetables,3500.0,487,16750.0,-79.1044776119403,,,
Cameroon,2019,Cereals & Grains,14000.0,468,14000.0,0.0,CMR,2.45280214062729,1555.22660476477
Cameroon,2019,Oils & Fats,10000.0,81,10000.0,0.0,CMR,2.45280214062729,1555.22660476477
Cameroon,2019,Other,10000.0,547,10000.0,0.0,CMR,2.45280214062729,1555.22660476477
Cameroon,2019,Proteins,1400.0,143,1400.0,0.0,CMR,2.45280214062729,1555.22660476477
Cameroon,2019,Pulses & Legumes,24000.0,130,24000.0,0.0,CMR,2.45280214062729,1555.22660476477
Cameroon,2019,Vegetables,21000.0,58,21000.0,0.0,CMR,2.45280214062729,1555.22660476477
Cameroon,2020,Cereals & Grains,4000.0,739,14000.0,-71.42857142857143,CMR,2.43760882182241,1555.60370660749
Cameroon,2020,Oils & Fats,1300.0,166,10000.0,-87.0,CMR,2.43760882182241,1555.60370660749
Cameroon,2020,Other,7500.0,754,10000.0,-25.0,CMR,2.43760882182241,1555.60370660749
Cameroon,2020,Proteins,1525.0,271,1400.0,8.928571428571429,CMR,2.43760882182241,1555.60370660749
Cameroon,2020,Pulses & Legumes,17000.0,205,24000.0,-29.166666666666668,CMR,2.43760882182241,1555.60370660749
Cameroon,2020,Vegetables,20000.0,141,21000.0,-4.761904761904762,CMR,2.43760882182241,1555.60370660749
Cameroon,2021,Cereals & Grains,516.835,972,14000.0,-96.30832142857143,CMR,2.27185762503636,1672.32657340872
Cameroon,2021,Oils & Fats,1200.0,368,10000.0,-88.0,CMR,2.27185762503636,1672.32657340872
Cameroon,2021,Other,600.0,1406,10000.0,-94.0,CMR,2.27185762503636,1672.32657340872
Cameroon,2021,Proteins,1700.0,642,1400.0,21.428571428571427,CMR,2.27185762503636,1672.32657340872
Cameroon,2021,Pulses & Legumes,800.0,334,24000.0,-96.66666666666667,CMR,2.27185762503636,1672.32657340872
Cameroon,2021,Vegetables,600.0,398,21000.0,-97.14285714285714,CMR,2.27185762503636,1672.32657340872
Cameroon,2022,Cereals & Grains,545.93,1583,14000.0,-96.1005,CMR,6.24767713343864,1604.87726954895
Cameroon,2022,Oils & Fats,1366.67,627,10000.0,-86.33330000000001,CMR,6.24767713343864,1604.87726954895
Cameroon,2022,Other,524.59,3023,10000.0,-94.7541,CMR,6.24767713343864,1604.87726954895
Cameroon,2022,Proteins,1900.0,1460,1400.0,35.714285714285715,CMR,6.24767713343864,1604.87726954895
Cameroon,2022,Pulses & Legumes,602.665,786,24000.0,-97.48889583333333,CMR,6.24767713343864,1604.87726954895
Cameroon,2022,Vegetables,550.0,1298,21000.0,-97.38095238095238,CMR,6.24767713343864,1604.87726954895
Cameroon,2023,Cereals & Grains,570.0,1671,14000.0,-95.92857142857143,CMR,7.38281384280978,1736.86091073524
Cameroon,2023,Oils & Fats,1300.0,618,10000.0,-87.0,CMR,7.38281384280978,1736.86091073524
Cameroon,2023,Other,546.0,3451,10000.0,-94.54,CMR,7.38281384280978,1736.86091073524
Cameroon,2023,Proteins,1900.0,1531,1400.0,35.714285714285715,CMR,7.38281384280978,1736.86091073524
Cameroon,2023,Pulses & Legumes,667.0,833,24000.0,-97.22083333333333,CMR,7.38281384280978,1736.86091073524
Cameroon,2023,Vegetables,500.0,1607,21000.0,-97.61904761904762,CMR,7.38281384280978,1736.86091073524
Cameroon,2024,Cereals & Grains,600.0,1127,14000.0,-95.71428571428572,CMR,4.53061267315864,1762.3683508844
Cameroon,2024,Oils & Fats,1200.0,381,10000.0,-88.0,CMR,4.53061267315864,1762.3683508844
Cameroon,2024,Other,500.0,2191,10000.0,-95.0,CMR,4.53061267315864,1762.3683508844
Cameroon,2024,Proteins,1923.75,1034,1400.0,37.410714285714285,CMR,4.53061267315864,1762.3683508844
Cameroon,2024,Pulses & Legumes,967.0,550,24000.0,-95.97083333333333,CMR,4.53061267315864,1762.3683508844
Cameroon,2024,Vegetables,500.0,1081,21000.0,-97.61904761904762,CMR,4.53061267315864,1762.3683508844
Cameroon,2025,Cereals & Grains,500.0,543,14000.0,-96.42857142857143,,,
Cameroon,2025,Oils & Fats,1200.0,208,10000.0,-88.0,,,
Cameroon,2025,Other,408.0,1383,10000.0,-95.92,,,
Cameroon,2025,Proteins,2000.0,692,1400.0,42.857142857142854,,,
Cameroon,2025,Pulses & Legumes,857.0,295,24000.0,-96.42916666666666,,,
Cameroon,2025,Vegetables,500.0,865,21000.0,-97.61904761904762,,,
Central African Republic,2019,Cereals & Grains,275.0,376,275.0,0.0,CAF,2.68537355266785,449.228467602439
Central African Republic,2019,Oils & Fats,775.0,180,775.0,0.0,CAF,2.68537355266785,449.228467602439
Central African Republic,2019,Other,455.0,653,455.0,0.0,CAF,2.68537355266785,449.228467602439
Central African Republic,2019,Proteins,2500.0,226,2500.0,0.0,CAF,2.68537355266785,449.228467602439
Central African Republic,2019,Pulses & Legumes,389.0,181,389.0,0.0,CAF,2.68537355266785,449.228467602439
Central African Republic,2020,Cereals & Grains,375.0,382,275.0,36.36363636363637,CAF,1.71015659523154,462.879071294011
Central African Republic,2020,Oils & Fats,800.0,222,775.0,3.225806451612903,CAF,1.71015659523154,462.879071294011
Central African Republic,2020,Other,428.57,843,455.0,-5.80879120879121,CAF,1.71015659523154,462.879071294011
Central African Republic,2020,Proteins,2500.0,246,2500.0,0.0,CAF,1.71015659523154,462.879071294011
Central African Republic,2020,Pulses & Legumes,388.89,165,389.0,-0.028277634961443098,CAF,1.71015659523154,462.879071294011
Central African Republic,2021,Cereals & Grains,270.0,375,275.0,-1.8181818181818181,CAF,4.25936417542868,492.263142830507
Central African Republic,2021,Oils & Fats,800.0,174,775.0,3.225806451612903,CAF,4.25936417542868,492.263142830507
Central African Republic,2021,Other,417.0,842,455.0,-8.35164835164835,CAF,4.25936417542868,492.263142830507
Central African Republic,2021,Proteins,3000.0,212,2500.0,20.0,CAF,4.25936417542868,492.263142830507
Central African Republic,2021,Pulses & Legumes,500.0,171,389.0,28.53470437017995,CAF,4.25936417542868,492.263142830507
Central African Republic,2022,Cereals & Grains,375.5,402,275.0,36.54545454545455,CAF,5.58316735183248,467.359825026238
Central African Republic,2022,Oils & Fats,800.0,187,775.0,3.225806451612903,CAF,5.58316735183248,467.359825026238
Central African Republic,2022,Other,429.0,1035,455.0,-5.714285714285714,CAF,5.58316735183248,467.359825026238
Central African Republic,2022,Proteins,3500.0,227,2500.0,40.0,CAF,5.58316735183248,467.359825026238
Central African Republic,2022,Pulses & Legumes,500.0,194,389.0,28.53470437017995,CAF,5.58316735183248,467.359825026238
Central African Republic,2023,Cereals & Grains,405.0,433,275.0,47.27272727272727,CAF,2.97913852618937,495.978897288721
Central African Republic,2023,Oils & Fats,1250.0,211,775.0,61.29032258064516,CAF,2.97913852618937,495.978897288721
Central African Republic,2023,Other,444.0,989,455.0,-2.417582417582418,CAF,2.97913852618937,495.978897288721
Central African Republic,2023,Proteins,3500.0,229,2500.0,40.0,CAF,2.97913852618937,495.978897288721
Central African Republic,2023,Pulses & Legumes,556.0,192,389.0,42.9305912596401,CAF,2.97913852618937,495.978897288721
Central African Republic,2024,Cereals & Grains,324.0,433,275.0,17.81818181818182,CAF,1.47733600718747,516.170424537757
Central African Republic,2024,Oils & Fats,1250.0,208,775.0,61.29032258064516,CAF,1.47733600718747,516.170424537757
Central African Republic,2024,Other,417.0,975,455.0,-8.35164835164835,CAF,1.47733600718747,516.170424537757
Central African Republic,2024,Proteins,3500.0,225,2500.0,40.0,CAF,1.47733600718747,516.170424537757
Central African Republic,2024,Pulses & Legumes,514.0,223,389.0,32.13367609254499,CAF,1.47733600718747,516.170424537757
Central African Republic,2025,Cereals & Grains,432.0,286,275.0,57.09090909090909,,,
Central African Republic,2025,Oils & Fats,1200.0,138,775.0,54.83870967741935,,,
Central African Republic,2025,Other,444.0,679,455.0,-2.417582417582418,,,
Central African Republic,2025,Proteins,3500.0,146,2500.0,40.0,,,
Central African Republic,2025,Pulses & Legumes,528.0,139,389.0,35.732647814910024,,,
Chad,2019,Cereals & Grains,400.0,630,400.0,0.0,TCD,-0.971939175419342,893.336441643325
Chad,2019,Other,470.5,1720,470.5,0.0,TCD,-0.971939175419342,893.336441643325
Chad,2019,Pulses & Legumes,266.5,354,266.5,0.0,TCD,-0.971939175419342,893.336441643325
Chad,2020,Cereals & Grains,326.0,583,400.0,-18.5,TCD,4.46414437232861,866.947814890409
Chad,2020,Other,367.0,1633,470.5,-21.99787460148778,TCD,4.46414437232861,866.947814890409
Chad,2020,Pulses & Legumes,287.0,383,266.5,7.6923076923076925,TCD,4.46414437232861,866.947814890409
Chad,2021,Cereals & Grains,293.0,481,400.0,-26.75,TCD,-0.772844370359154,946.358500208374
Chad,2021,Other,466.0,1385,470.5,-0.9564293304994688,TCD,-0.772844370359154,946.358500208374
Chad,2021,Pulses & Legumes,385.0,322,266.5,44.46529080675422,TCD,-0.772844370359154,946.358500208374
Chad,2022,Cereals & Grains,544.0,447,400.0,36.0,TCD,5.78802687843618,966.036468278568
Chad,2022,Other,650.0,1378,470.5,38.150903294367694,TCD,5.78802687843618,966.036468278568
Chad,2022,Pulses & Legumes,550.0,298,266.5,106.37898686679175,TCD,5.78802687843618,966.036468278568
Chad,2023,Cereals & Grains,560.0,466,400.0,40.0,TCD,10.8363568399842,989.058528968588
Chad,2023,Other,800.0,1198,470.5,70.03188097768331,TCD,10.8363568399842,989.058528968588
Chad,2023,Pulses & Legumes,515.0,237,266.5,93.24577861163228,TCD,10.8363568399842,989.058528968588
Chad,2024,Cereals & Grains,547.335,274,400.0,36.83375000000001,TCD,8.89950732263755,1016.08880662712
Chad,2024,Other,443.0,703,470.5,-5.844845908607864,TCD,8.89950732263755,1016.08880662712
Chad,2024,Pulses & Legumes,503.83500000000004,164,266.5,89.05628517823642,TCD,8.89950732263755,1016.08880662712
China,2019,Cereals & Grains,3.4,166,3.4,0.0,CHN,2.89923416358229,10342.9009524335
China,2020,Cereals & Grains,3.4,139,3.4,0.0,CHN,2.41942189457778,10627.4637989619
Colombia,2019,Cereals & Grains,2406.625,160,2406.625,0.0,COL,3.5230193274144,6472.54544924705
Colombia,2019,Dairy,7900.0,18,7900.0,0.0,COL,3.5230193274144,6472.54544924705
Colombia,2019,Other,2000.0,286,2000.0,0.0,COL,3.5230193274144,6472.54544924705
Colombia,2019,Proteins,7500.0,76,7500.0,0.0,COL,3.5230193274144,6472.54544924705
Colombia,2019,Pulses & Legumes,2500.0,81,2500.0,0.0,COL,3.5230193274144,6472.54544924705
Colombia,2019,Sugar & Sweeteners,2184.0,51,2184.0,0.0,COL,3.5230193274144,6472.54544924705
Colombia,2019,Vegetables,1600.0,126,1600.0,0.0,COL,3.5230193274144,6472.54544924705
Colombia,2020,Cereals & Grains,2438.48,713,2406.625,1.3236378746169435,COL,2.5266350008471,5339.68711357943
Colombia,2020,Dairy,12415.244999999999,220,7900.0,57.15499999999999,COL,2.5266350008471,5339.68711357943
Colombia,2020,Other,1804.43,1263,2000.0,-9.778499999999998,COL,2.5266350008471,5339.68711357943
Colombia,2020,Proteins,11475.81,641,7500.0,53.01079999999999,COL,2.5266350008471,5339.68711357943
Colombia,2020,Pulses & Legumes,3226.84,471,2500.0,29.073600000000006,COL,2.5266350008471,5339.68711357943
Colombia,2020,Sugar & Sweeteners,2646.365,124,2184.0,21.1705586080586,COL,2.5266350008471,5339.68711357943
Colombia,2020,Vegetables,1709.0,677,1600.0,6.812500000000001,COL,2.5266350008471,5339.68711357943
Colombia,2021,Cereals & Grains,2389.23,1157,2406.625,-0.7227964473069125,COL,3.49505757399449,6222.62164397614
Colombia,2021,Dairy,14750.0,347,7900.0,86.70886075949366,COL,3.49505757399449,6222.62164397614
Colombia,2021,Other,1834.33,1946,2000.0,-8.283500000000004,COL,3.49505757399449,6222.62164397614
Colombia,2021,Proteins,12427.0,1080,7500.0,65.69333333333334,COL,3.49505757399449,6222.62164397614
Colombia,2021,Pulses & Legumes,3752.01,714,2500.0,50.08040000000001,COL,3.49505757399449,6222.62164397614
Colombia,2021,Sugar & Sweeteners,3309.03,197,2184.0,51.51236263736265,COL,3.49505757399449,6222.62164397614
Colombia,2021,Vegetables,1948.705,1040,1600.0,21.794062499999995,COL,3.49505757399449,6222.62164397614
Colombia,2022,Cereals & Grains,3211.7200000000003,1106,2406.625,33.4532800083104,COL,10.1772313546166,6680.44506854481
Colombia,2022,Dairy,20117.0,335,7900.0,154.64556962025316,COL,10.1772313546166,6680.44506854481
Colombia,2022,Other,2695.5249999999996,1886,2000.0,34.77624999999998,COL,10.1772313546166,6680.44506854481
Colombia,2022,Proteins,14667.0,1013,7500.0,95.56,COL,10.1772313546166,6680.44506854481
Colombia,2022,Pulses & Legumes,5488.33,697,2500.0,119.53320000000001,COL,10.1772313546166,6680.44506854481
Colombia,2022,Sugar & Sweeteners,3757.815,186,2184.0,72.06112637362637,COL,10.1772313546166,6680.44506854481
Colombia,2022,Vegetables,2653.04,939,1600.0,65.815,COL,10.1772313546166,6680.44506854481
Colombia,2023,Cereals & Grains,3672.73,1129,2406.625,52.609151820495505,COL,11.735904494869,7000.83660501046
Colombia,2023,Dairy,22754.53,318,7900.0,188.03202531645567,COL,11.735904494869,7000.83660501046
Colombia,2023,Other,2824.875,1876,2000.0,41.24375,COL,11.735904494869,7000.83660501046
Colombia,2023,Proteins,15505.805,1000,7500.0,106.74406666666667,COL,11.735904494869,7000.83660501046
Colombia,2023,Pulses & Legumes,5946.25,712,2500.0,137.85,COL,11.735904494869,7000.83660501046
Colombia,2023,Sugar & Sweeteners,4196.94,197,2184.0,92.1675824175824,COL,11.735904494869,7000.83660501046
Colombia,2023,Vegetables,2639.4700000000003,972,1600.0,64.96687500000002,COL,11.735904494869,7000.83660501046
Colombia,2024,Cereals & Grains,3183.915,1018,2406.625,32.29792759569937,COL,6.60908593728228,7913.98801464547
Colombia,2024,Dairy,22364.5,287,7900.0,183.09493670886076,COL,6.60908593728228,7913.98801464547
Colombia,2024,Other,2596.7200000000003,1750,2000.0,29.836000000000013,COL,6.60908593728228,7913.98801464547
Colombia,2024,Proteins,17219.27,968,7500.0,129.59026666666665,COL,6.60908593728228,7913.98801464547
Colombia,2024,Pulses & Legumes,5920.87,645,2500.0,136.8348,COL,6.60908593728228,7913.98801464547
Colombia,2024,Sugar & Sweeteners,4306.77,165,2184.0,97.1964285714286,COL,6.60908593728228,7913.98801464547
Colombia,2024,Vegetables,2550.33,889,1600.0,59.395624999999995,COL,6.60908593728228,7913.98801464547
Congo,2019,Cereals & Grains,665.0,172,665.0,0.0,,,
Congo,2019,Oils & Fats,700.0,49,700.0,0.0,,,
Congo,2019,Other,700.0,83,700.0,0.0,,,
Congo,2019,Proteins,2500.0,145,2500.0,0.0,,,
Congo,2019,Pulses & Legumes,1345.5,80,1345.5,0.0,,,
Congo,2019,Vegetables,900.0,47,900.0,0.0,,,
Congo,2020,Cereals & Grains,722.5,118,665.0,8.646616541353383,,,
Congo,2020,Oils & Fats,750.0,25,700.0,7.142857142857142,,,
Congo,2020,Other,655.0,56,700.0,-6.428571428571428,,,
Congo,2020,Proteins,2512.0,91,2500.0,0.48,,,
Congo,2020,Pulses & Legumes,1508.0,60,1345.5,12.077294685990339,,,
Congo,2020,Vegetables,1000.0,35,900.0,11.11111111111111,,,
Congo,2021,Cereals & Grains,478.0,43,665.0,-28.1203007518797,,,
Congo,2021,Pulses & Legumes,1647.0,33,1345.5,22.40802675585284,,,
Congo,2021,Vegetables,1000.0,17,900.0,11.11111111111111,,,
Congo,2022,Cereals & Grains,562.0,29,665.0,-15.488721804511279,,,
Congo,2022,Other,440.0,3,700.0,-37.142857142857146,,,
Congo,2022,Pulses & Legumes,1706.5,22,1345.5,26.83017465626161,,,
Congo,2022,Vegetables,1601.0,17,900.0,77.88888888888889,,,
Congo,2023,Cereals & Grains,527.0,45,665.0,-20.75187969924812,,,
Congo,2023,Other,501.0,28,700.0,-28.42857142857143,,,
Congo,2023,Pulses & Legumes,1472.0,35,1345.5,9.401709401709402,,,
Congo,2023,Vegetables,1350.0,21,900.0,50.0,,,
Congo,2024,Cereals & Grains,555.0,31,665.0,-16.541353383458645,,,
Congo,2024,Other,448.0,16,700.0,-36.0,,,
Congo,2024,Pulses & Legumes,1472.0,23,1345.5,9.401709401709402,,,
Congo,2024,Vegetables,1626.5,14,900.0,80.72222222222221,,,
Congo,2025,Cereals & Grains,612.5,18,665.0,-7.894736842105263,,,
Congo,2025,Other,380.0,9,700.0,-45.714285714285715,,,
Congo,2025,Pulses & Legumes,1443.0,11,1345.5,7.246376811594203,,,
Congo,2025,Vegetables,1146.0,6,900.0,27.333333333333332,,,
Congo DRC,2019,Cereals & Grains,1000.0,635,1000.0,0.0,,,
Congo DRC,2019,Oils & Fats,1388.89,135,1388.89,0.0,,,
Congo DRC,2019,Other,1500.0,608,1500.0,0.0,,,
Congo DRC,2019,Proteins,8263.89,319,8263.89,0.0,,,
Congo DRC,2019,Pulses & Legumes,1500.0,134,1500.0,0.0,,,
Congo DRC,2019,Sugar & Sweeteners,1714.0,157,1714.0,0.0,,,
Congo DRC,2019,Vegetables,2200.0,171,2200.0,0.0,,,
Congo DRC,2020,Cereals & Grains,1143.11,1277,1000.0,14.310999999999991,,,
Congo DRC,2020,Oils & Fats,1500.0,264,1388.89,7.999913600069113,,,
Congo DRC,2020,Other,1600.0,1343,1500.0,6.666666666666667,,,
Congo DRC,2020,Proteins,8000.0,1164,8263.89,-3.193290326952554,,,
Congo DRC,2020,Pulses & Legumes,1964.15,238,1500.0,30.94333333333334,,,
Congo DRC,2020,Sugar & Sweeteners,2146.5,266,1714.0,25.233372228704788,,,
Congo DRC,2020,Vegetables,1200.0,490,2200.0,-45.45454545454545,,,
Congo DRC,2021,Cereals & Grains,1088.08,1392,1000.0,8.807999999999993,,,
Congo DRC,2021,Oils & Fats,1835.415,324,1388.89,32.149774280180566,,,
Congo DRC,2021,Other,1833.33,1649,1500.0,22.221999999999994,,,
Congo DRC,2021,Proteins,8000.0,1477,8263.89,-3.193290326952554,,,
Congo DRC,2021,Pulses & Legumes,1750.0,281,1500.0,16.666666666666664,,,
Congo DRC,2021,Sugar & Sweeteners,2500.0,282,1714.0,45.85764294049008,,,
Congo DRC,2021,Vegetables,1126.135,610,2200.0,-48.812045454545455,,,
Congo DRC,2022,Cereals & Grains,1500.0,1369,1000.0,50.0,,,
Congo DRC,2022,Oils & Fats,2333.33,282,1388.89,67.99962560029951,,,
Congo DRC,2022,Other,2000.0,1431,1500.0,33.33333333333333,,,
Congo DRC,2022,Proteins,9500.0,1358,8263.89,14.957967736743841,,,
Congo DRC,2022,Pulses & Legumes,2000.0,266,1500.0,33.33333333333333,,,
Congo DRC,2022,Sugar & Sweeteners,2959.0,285,1714.0,72.63710618436406,,,
Congo DRC,2022,Vegetables,1144.58,582,2200.0,-47.973636363636366,,,
Congo DRC,2023,Cereals & Grains,2000.0,1513,1000.0,100.0,,,
Congo DRC,2023,Oils & Fats,2835.9049999999997,252,1388.89,104.18499665200265,,,
Congo DRC,2023,Other,2000.0,1658,1500.0,33.33333333333333,,,
Congo DRC,2023,Proteins,11000.0,1377,8263.89,33.10922580044024,,,
Congo DRC,2023,Pulses & Legumes,2887.175,250,1500.0,92.47833333333334,,,
Congo DRC,2023,Sugar & Sweeteners,3500.0,252,1714.0,104.20070011668612,,,
Congo DRC,2023,Vegetables,2000.0,576,2200.0,-9.090909090909092,,,
Congo DRC,2024,Cereals & Grains,2142.0,2030,1000.0,114.19999999999999,,,
Congo DRC,2024,Oils & Fats,2509.0,378,1388.89,80.6478554817156,,,
Congo DRC,2024,Other,2300.0,1726,1500.0,53.333333333333336,,,
Congo DRC,2024,Proteins,11923.54,926,8263.89,44.28483438187103,,,
Congo DRC,2024,Pulses & Legumes,2640.0,377,1500.0,76.0,,,
Congo DRC,2024,Sugar & Sweeteners,4120.0,195,1714.0,140.37339556592764,,,
Congo DRC,2024,Vegetables,4500.0,313,2200.0,104.54545454545455,,,
Congo DRC,2025,Cereals & Grains,2800.0,427,1000.0,180.0,,,
Congo DRC,2025,Oils & Fats,3725.0,102,1388.89,168.1997854401716,,,
Congo DRC,2025,Other,2850.0,402,1500.0,90.0,,,
Congo DRC,2025,Proteins,11000.0,59,8263.89,33.10922580044024,,,
Congo DRC,2025,Pulses & Legumes,3859.205,138,1500.0,157.28033333333335,,,
Congo DRC,2025,Sugar & Sweeteners,4040.185,88,1714.0,135.71674445740956,,,
Congo DRC,2025,Vegetables,6597.225,122,2200.0,199.87386363636367,,,
Cote d Ivoire,2019,Cereals & Grains,337.5,164,337.5,0.0,,,
Cote d Ivoire,2019,Oils & Fats,775.0,9,775.0,0.0,,,
Cote d Ivoire,2019,Other,237.5,113,237.5,0.0,,,
Cote d Ivoire,2019,Proteins,1600.0,142,1600.0,0.0,,,
Cote d Ivoire,2019,Pulses & Legumes,500.0,68,500.0,0.0,,,
Cote d Ivoire,2020,Cereals & Grains,337.5,178,337.5,0.0,,,
Cote d Ivoire,2020,Oils & Fats,795.625,16,775.0,2.661290322580645,,,
Cote d Ivoire,2020,Other,263.33,95,237.5,10.875789473684204,,,
Cote d Ivoire,2020,Proteins,1520.03,148,1600.0,-4.998125000000002,,,
Cote d Ivoire,2020,Pulses & Legumes,537.5,77,500.0,7.5,,,
Cote d Ivoire,2021,Cereals & Grains,350.0,161,337.5,3.7037037037037033,,,
Cote d Ivoire,2021,Oils & Fats,775.0,15,775.0,0.0,,,
Cote d Ivoire,2021,Other,313.125,70,237.5,31.842105263157894,,,
Cote d Ivoire,2021,Proteins,1886.365,124,1600.0,17.8978125,,,
Cote d Ivoire,2021,Pulses & Legumes,550.0,76,500.0,10.0,,,
Cote d Ivoire,2022,Cereals & Grains,433.64,152,337.5,28.48592592592592,,,
Cote d Ivoire,2022,Oils & Fats,869.06,8,775.0,12.13677419354838,,,
Cote d Ivoire,2022,Other,375.0,64,237.5,57.89473684210527,,,
Cote d Ivoire,2022,Proteins,1829.165,114,1600.0,14.322812499999998,,,
Cote d Ivoire,2022,Pulses & Legumes,583.33,70,500.0,16.666000000000007,,,
Cote d Ivoire,2023,Cereals & Grains,450.0,157,337.5,33.33333333333333,,,
Cote d Ivoire,2023,Oils & Fats,1000.0,7,775.0,29.03225806451613,,,
Cote d Ivoire,2023,Other,295.45,53,237.5,24.399999999999995,,,
Cote d Ivoire,2023,Proteins,2000.0,102,1600.0,25.0,,,
Cote d Ivoire,2023,Pulses & Legumes,625.0,63,500.0,25.0,,,
Cote d Ivoire,2024,Cereals & Grains,450.0,104,337.5,33.33333333333333,,,
Cote d Ivoire,2024,Oils & Fats,1000.0,4,775.0,29.03225806451613,,,
Cote d Ivoire,2024,Other,306.875,36,237.5,29.210526315789476,,,
Cote d Ivoire,2024,Proteins,2000.0,75,1600.0,25.0,,,
Cote d Ivoire,2024,Pulses & Legumes,665.625,52,500.0,33.125,,,
Cote d Ivoire,2025,Cereals & Grains,492.5,85,337.5,45.925925925925924,,,
Cote d Ivoire,2025,Oils & Fats,1023.33,5,775.0,32.042580645161294,,,
Cote d Ivoire,2025,Other,350.0,28,237.5,47.368421052631575,,,
Cote d Ivoire,2025,Proteins,2058.82,65,1600.0,28.67625000000001,,,
Cote d Ivoire,2025,Pulses & Legumes,766.9100000000001,34,500.0,53.38200000000002,,,
Djibouti,2019,Cereals & Grains,120.0,132,120.0,0.0,DJI,3.31925372703827,2837.16902340932
Djibouti,2019,Other,150.0,144,150.0,0.0,DJI,3.31925372703827,2837.16902340932
Djibouti,2019,Pulses & Legumes,250.0,24,250.0,0.0,DJI,3.31925372703827,2837.16902340932
Djibouti,2019,Sugar & Sweeteners,120.0,43,120.0,0.0,DJI,3.31925372703827,2837.16902340932
Djibouti,2019,Vegetables,300.0,43,300.0,0.0,DJI,3.31925372703827,2837.16902340932
Djibouti,2020,Cereals & Grains,110.0,123,120.0,-8.333333333333332,DJI,1.77740783806177,2844.88810647853
Djibouti,2020,Other,140.0,150,150.0,-6.666666666666667,DJI,1.77740783806177,2844.88810647853
Djibouti,2020,Pulses & Legumes,250.0,17,250.0,0.0,DJI,1.77740783806177,2844.88810647853
Djibouti,2020,Sugar & Sweeteners,120.0,43,120.0,0.0,DJI,1.77740783806177,2844.88810647853
Djibouti,2020,Vegetables,300.0,42,300.0,0.0,DJI,1.77740783806177,2844.88810647853
Djibouti,2021,Cereals & Grains,120.0,125,120.0,0.0,DJI,1.18191775339798,3025.91126413549
Djibouti,2021,Other,150.0,148,150.0,0.0,DJI,1.18191775339798,3025.91126413549
Djibouti,2021,Pulses & Legumes,250.0,23,250.0,0.0,DJI,1.18191775339798,3025.91126413549
Djibouti,2021,Sugar & Sweeteners,120.0,38,120.0,0.0,DJI,1.18191775339798,3025.91126413549
Djibouti,2021,Vegetables,300.0,51,300.0,0.0,DJI,1.18191775339798,3025.91126413549
Djibouti,2022,Cereals & Grains,130.0,106,120.0,8.333333333333332,DJI,5.17980847967062,3133.25779772463
Djibouti,2022,Other,160.0,129,150.0,6.666666666666667,DJI,5.17980847967062,3133.25779772463
Djibouti,2022,Pulses & Legumes,280.0,29,250.0,12.0,DJI,5.17980847967062,3133.25779772463
Djibouti,2022,Sugar & Sweeteners,150.0,44,120.0,25.0,DJI,5.17980847967062,3133.25779772463
Djibouti,2022,Vegetables,500.0,36,300.0,66.66666666666666,DJI,5.17980847967062,3133.25779772463
Djibouti,2023,Cereals & Grains,120.0,124,120.0,0.0,DJI,1.49506816515083,3397.52015779588
Djibouti,2023,Other,200.0,163,150.0,33.33333333333333,DJI,1.49506816515083,3397.52015779588
Djibouti,2023,Pulses & Legumes,240.0,39,250.0,-4.0,DJI,1.49506816515083,3397.52015779588
Djibouti,2023,Sugar & Sweeteners,165.0,38,120.0,37.5,DJI,1.49506816515083,3397.52015779588
Djibouti,2023,Vegetables,350.0,46,300.0,16.666666666666664,DJI,1.49506816515083,3397.52015779588
Djibouti,2024,Cereals & Grains,120.0,129,120.0,0.0,DJI,2.07655387954205,3496.47111876763
Djibouti,2024,Other,195.0,268,150.0,30.0,DJI,2.07655387954205,3496.47111876763
Djibouti,2024,Pulses & Legumes,220.0,34,250.0,-12.0,DJI,2.07655387954205,3496.47111876763
Djibouti,2024,Sugar & Sweeteners,160.0,47,120.0,33.33333333333333,DJI,2.07655387954205,3496.47111876763
Djibouti,2024,Vegetables,200.0,94,300.0,-33.33333333333333,DJI,2.07655387954205,3496.47111876763
Djibouti,2025,Cereals & Grains,105.83500000000001,76,120.0,-11.80416666666666,,,
Djibouti,2025,Other,170.0,281,150.0,13.333333333333334,,,
Djibouti,2025,Pulses & Legumes,250.0,18,250.0,0.0,,,
Djibouti,2025,Sugar & Sweeteners,155.0,22,120.0,29.166666666666668,,,
Djibouti,2025,Vegetables,150.0,114,300.0,-50.0,,,
Dominican Republic,2019,Cereals & Grains,23.35,50,23.35,0.0,DOM,1.8106037704296,8183.01623600375
Dominican Republic,2019,Proteins,50.875,12,50.875,0.0,DOM,1.8106037704296,8183.01623600375
Dominican Republic,2019,Pulses & Legumes,54.39,47,54.39,0.0,DOM,1.8106037704296,8183.01623600375
Dominican Republic,2020,Cereals & Grains,1120.0,47,23.35,4696.5738758029975,DOM,3.78103179915515,7135.22273255899
Dominican Republic,2020,Proteins,51.870000000000005,10,50.875,1.9557739557739646,DOM,3.78103179915515,7135.22273255899
Dominican Republic,2020,Pulses & Legumes,61.81,52,54.39,13.642213642213646,DOM,3.78103179915515,7135.22273255899
Dominican Republic,2021,Cereals & Grains,1310.0,61,23.35,5510.278372591007,DOM,8.2430034798181,8527.0754858205
Dominican Republic,2021,Proteins,70.0,11,50.875,37.59213759213759,DOM,8.2430034798181,8527.0754858205
Dominican Republic,2021,Pulses & Legumes,68.83,50,54.39,26.5489979775694,DOM,8.2430034798181,8527.0754858205
Dominican Republic,2022,Cereals & Grains,27.89,25,23.35,19.443254817987146,DOM,8.81109209279586,10104.2449349081
Dominican Republic,2022,Proteins,77.035,6,50.875,51.42014742014741,DOM,8.81109209279586,10104.2449349081
Dominican Republic,2022,Pulses & Legumes,68.78999999999999,28,54.39,26.4754550468836,DOM,8.81109209279586,10104.2449349081
Dominican Republic,2025,Cereals & Grains,1700.0,5,23.35,7180.513918629551,,,
Dominican Republic,2025,Proteins,2958.335,4,50.875,5714.909090909091,,,
Dominican Republic,2025,Pulses & Legumes,4983.33,5,54.39,9062.217319360176,,,
Ecuador,2019,Cereals & Grains,1.06,116,1.06,0.0,ECU,0.266012515466146,6205.05765246766
Ecuador,2019,Vegetables,0.51,36,0.51,0.0,ECU,0.266012515466146,6205.05765246766
Ecuador,2020,Cereals & Grains,0.91,133,1.06,-14.150943396226417,ECU,-0.338872392562181,5463.64515348598
Ecuador,2020,Vegetables,0.45,158,0.51,-11.76470588235294,ECU,-0.338872392562181,5463.64515348598
Ecuador,2021,Cereals & Grains,0.88,95,1.06,-16.981132075471702,ECU,0.133251386096379,6061.32350181711
Ecuador,2021,Vegetables,0.43,170,0.51,-15.686274509803924,ECU,0.133251386096379,6061.32350181711
Ecuador,2022,Cereals & Grains,0.89,93,1.06,-16.037735849056606,ECU,3.46616972213076,6515.58528418336
Ecuador,2022,Vegetables,0.495,164,0.51,-2.9411764705882377,ECU,3.46616972213076,6515.58528418336
Ecuador,2023,Cereals & Grains,1.2,101,1.06,13.20754716981131,ECU,2.21568764237062,6737.84748379638
Ecuador,2023,Vegetables,0.725,168,0.51,42.15686274509803,ECU,2.21568764237062,6737.84748379638
Ecuador,2024,Cereals & Grains,1.78,44,1.06,67.9245283018868,ECU,1.54732515615369,6874.705739766
Ecuador,2024,Vegetables,1.26,69,0.51,147.05882352941174,ECU,1.54732515615369,6874.705739766
Ecuador,2025,Cereals & Grains,2.08,43,1.06,96.22641509433963,,,
Ecuador,2025,Vegetables,1.22,63,0.51,139.2156862745098,,,
Egypt,2019,Cereals & Grains,10.575,22,10.575,0.0,,,
Egypt,2019,Dairy,9.74,15,9.74,0.0,,,
Egypt,2019,Oils & Fats,24.58,27,24.58,0.0,,,
Egypt,2019,Other,8.14,22,8.14,0.0,,,
Egypt,2019,Proteins,33.13,21,33.13,0.0,,,
Egypt,2019,Pulses & Legumes,19.63,20,19.63,0.0,,,
Egypt,2019,Sugar & Sweeteners,14.01,7,14.01,0.0,,,
Egypt,2019,Vegetables,7.05,26,7.05,0.0,,,
Egypt,2020,Cereals & Grains,9.92,21,10.575,-6.193853427895975,,,
Egypt,2020,Dairy,9.77,11,9.74,0.3080082135523548,,,
Egypt,2020,Oils & Fats,24.16,23,24.58,-1.7087062652562985,,,
Egypt,2020,Other,13.3,22,8.14,63.39066339066339,,,
Egypt,2020,Proteins,28.66,18,33.13,-13.492303048596444,,,
Egypt,2020,Pulses & Legumes,18.55,19,19.63,-5.5017829852266855,,,
Egypt,2020,Sugar & Sweeteners,14.01,9,14.01,0.0,,,
Egypt,2020,Vegetables,7.22,30,7.05,2.4113475177304955,,,
Egypt,2021,Cereals & Grains,8.71,33,10.575,-17.635933806146557,,,
Egypt,2021,Dairy,14.475000000000001,28,9.74,48.613963039014386,,,
Egypt,2021,Oils & Fats,26.56,35,24.58,8.055329536208301,,,
Egypt,2021,Other,8.81,42,8.14,8.23095823095823,,,
Egypt,2021,Proteins,29.32,55,33.13,-11.500150920615763,,,
Egypt,2021,Pulses & Legumes,22.79,41,19.63,16.09780947529292,,,
Egypt,2021,Sugar & Sweeteners,13.875,12,14.01,-0.9635974304068506,,,
Egypt,2021,Vegetables,5.4,45,7.05,-23.404255319148927,,,
Egypt,2022,Cereals & Grains,12.49,28,10.575,18.108747044917266,,,
Egypt,2022,Dairy,17.015,26,9.74,74.69199178644764,,,
Egypt,2022,Oils & Fats,31.44,31,24.58,27.908868999186343,,,
Egypt,2022,Other,13.13,31,8.14,61.3022113022113,,,
Egypt,2022,Proteins,36.105000000000004,50,33.13,8.979776637488685,,,
Egypt,2022,Pulses & Legumes,24.71,32,19.63,25.87875700458483,,,
Egypt,2022,Sugar & Sweeteners,13.86,14,14.01,-1.0706638115631717,,,
Egypt,2022,Vegetables,6.35,31,7.05,-9.9290780141844,,,
Egypt,2023,Cereals & Grains,20.41,18,10.575,93.00236406619386,,,
Egypt,2023,Dairy,23.245,12,9.74,138.65503080082135,,,
Egypt,2023,Oils & Fats,46.42,9,24.58,88.85272579332792,,,
Egypt,2023,Other,16.93,19,8.14,107.98525798525797,,,
Egypt,2023,Proteins,71.59,15,33.13,116.08813763960157,,,
Egypt,2023,Pulses & Legumes,43.08,18,19.63,119.46001018848702,,,
Egypt,2023,Sugar & Sweeteners,26.215,10,14.01,87.1163454675232,,,
Egypt,2023,Vegetables,10.32,9,7.05,46.382978723404264,,,
Egypt,2024,Cereals & Grains,25.765,16,10.575,143.64066193853432,,,
Egypt,2024,Dairy,34.07,11,9.74,249.7946611909651,,,
Egypt,2024,Oils & Fats,58.61,9,24.58,138.4458909682669,,,
Egypt,2024,Other,27.855,12,8.14,242.1990171990172,,,
Egypt,2024,Proteins,84.37,18,33.13,154.66344702686385,,,
Egypt,2024,Pulses & Legumes,59.485,16,19.63,203.03107488537955,,,
Egypt,2024,Sugar & Sweeteners,42.935,10,14.01,206.4596716630978,,,
Egypt,2024,Vegetables,9.254999999999999,10,7.05,31.27659574468084,,,
Egypt,2025,Cereals & Grains,22.4,13,10.575,111.82033096926713,,,
Egypt,2025,Dairy,39.47,9,9.74,305.2361396303901,,,
Egypt,2025,Oils & Fats,59.510000000000005,8,24.58,142.10740439381615,,,
Egypt,2025,Other,28.41,14,8.14,249.01719901719898,,,
Egypt,2025,Proteins,80.1,15,33.13,141.77482644129185,,,
Egypt,2025,Pulses & Legumes,61.96,13,19.63,215.63932755985738,,,
Egypt,2025,Sugar & Sweeteners,42.3,7,14.01,201.92719486081373,,,
Egypt,2025,Vegetables,10.115,6,7.05,43.47517730496455,,,
El Salvador,2019,Cereals & Grains,14.29,51,14.29,0.0,SLV,0.0753241350024998,4320.11671534627
El Salvador,2019,Other,7.6,18,7.6,0.0,SLV,0.0753241350024998,4320.11671534627
El Salvador,2019,Pulses & Legumes,47.39,42,47.39,0.0,SLV,0.0753241350024998,4320.11671534627
El Salvador,2020,Cereals & Grains,13.955,32,14.29,-2.3442967109866975,SLV,-0.37159021232411,3997.19279583709
El Salvador,2020,Other,7.42,18,7.6,-2.368421052631575,SLV,-0.37159021232411,3997.19279583709
El Salvador,2020,Pulses & Legumes,0.75,22,47.39,-98.41738763452204,SLV,-0.37159021232411,3997.19279583709
El Salvador,2021,Cereals & Grains,0.5,29,14.29,-96.50104968509447,SLV,3.46692585313084,4642.60743101342
El Salvador,2021,Other,6.805000000000001,16,7.6,-10.460526315789462,SLV,3.46692585313084,4642.60743101342
El Salvador,2021,Pulses & Legumes,0.69,17,47.39,-98.5439966237603,SLV,3.46692585313084,4642.60743101342
El Salvador,2022,Cereals & Grains,0.5,17,14.29,-96.50104968509447,SLV,7.19861615609861,5074.60210221806
El Salvador,2022,Other,28.81,5,7.6,279.0789473684211,SLV,7.19861615609861,5074.60210221806
El Salvador,2022,Pulses & Legumes,0.7949999999999999,8,47.39,-98.32243089259337,SLV,7.19861615609861,5074.60210221806
Eswatini,2019,Cereals & Grains,10.65,212,10.65,0.0,SWZ,2.59801620311074,3913.12643969301
Eswatini,2019,Oils & Fats,19.63,5,19.63,0.0,SWZ,2.59801620311074,3913.12643969301
Eswatini,2019,Other,9.99,85,9.99,0.0,SWZ,2.59801620311074,3913.12643969301
Eswatini,2019,Pulses & Legumes,22.5,47,22.5,0.0,SWZ,2.59801620311074,3913.12643969301
Eswatini,2019,Sugar & Sweeteners,14.66,45,14.66,0.0,SWZ,2.59801620311074,3913.12643969301
Eswatini,2019,Vegetables,64.995,26,64.995,0.0,SWZ,2.59801620311074,3913.12643969301
Eswatini,2020,Cereals & Grains,11.0,165,10.65,3.2863849765258184,SWZ,,3454.784217446
Eswatini,2020,Oils & Fats,23.99,25,19.63,22.210901681100353,SWZ,,3454.784217446
Eswatini,2020,Other,10.0,84,9.99,0.10010010010009797,SWZ,,3454.784217446
Eswatini,2020,Pulses & Legumes,24.240000000000002,34,22.5,7.733333333333342,SWZ,,3454.784217446
Eswatini,2020,Sugar & Sweeteners,14.925,36,14.66,1.807639836289226,SWZ,,3454.784217446
Eswatini,2020,Vegetables,65.0,26,64.995,0.007692899453797142,SWZ,,3454.784217446
Eswatini,2021,Cereals & Grains,11.8,166,10.65,10.798122065727704,SWZ,,3966.29863253832
Eswatini,2021,Oils & Fats,27.24,24,19.63,38.76719307182883,SWZ,,3966.29863253832
Eswatini,2021,Other,12.25,85,9.99,22.62262262262262,SWZ,,3966.29863253832
Eswatini,2021,Pulses & Legumes,27.5,37,22.5,22.22222222222222,SWZ,,3966.29863253832
Eswatini,2021,Sugar & Sweeteners,15.69,29,14.66,7.025920873124143,SWZ,,3966.29863253832
Eswatini,2021,Vegetables,69.99,24,64.995,7.685206554350319,SWZ,,3966.29863253832
Eswatini,2022,Cereals & Grains,13.55,173,10.65,27.23004694835681,SWZ,,3889.65276959161
Eswatini,2022,Oils & Fats,39.49,20,19.63,101.17167600611312,SWZ,,3889.65276959161
Eswatini,2022,Other,15.0,90,9.99,50.150150150150154,SWZ,,3889.65276959161
Eswatini,2022,Pulses & Legumes,34.495000000000005,40,22.5,53.31111111111113,SWZ,,3889.65276959161
Eswatini,2022,Sugar & Sweeteners,16.41,36,14.66,11.937244201909959,SWZ,,3889.65276959161
Eswatini,2022,Vegetables,66.5,28,64.995,2.3155627355950386,SWZ,,3889.65276959161
Eswatini,2023,Cereals & Grains,15.0,177,10.65,40.84507042253521,SWZ,,3741.69010745416
Eswatini,2023,Oils & Fats,41.99,29,19.63,113.90728476821195,SWZ,,3741.69010745416
Eswatini,2023,Other,15.85,83,9.99,58.658658658658645,SWZ,,3741.69010745416
Eswatini,2023,Pulses & Legumes,35.0,39,22.5,55.55555555555556,SWZ,,3741.69010745416
Eswatini,2023,Sugar & Sweeteners,19.465,36,14.66,32.7762619372442,SWZ,,3741.69010745416
Eswatini,2023,Vegetables,84.995,34,64.995,30.771597815216552,SWZ,,3741.69010745416
Eswatini,2024,Cereals & Grains,15.36,161,10.65,44.22535211267605,SWZ,,3936.10969242371
Eswatini,2024,Oils & Fats,38.16,29,19.63,94.3963321446765,SWZ,,3936.10969242371
Eswatini,2024,Other,14.12,66,9.99,41.341341341341334,SWZ,,3936.10969242371
Eswatini,2024,Pulses & Legumes,29.0,35,22.5,28.888888888888886,SWZ,,3936.10969242371
Eswatini,2024,Sugar & Sweeteners,20.55,29,14.66,40.177353342428376,SWZ,,3936.10969242371
Eswatini,2024,Vegetables,103.99,25,64.995,59.99692284021846,SWZ,,3936.10969242371
Eswatini,2025,Cereals & Grains,15.53,29,10.65,45.82159624413145,,,
Eswatini,2025,Oils & Fats,24.37,5,19.63,24.14671421293939,,,
Eswatini,2025,Other,38.0,10,9.99,280.38038038038036,,,
Eswatini,2025,Pulses & Legumes,27.5,8,22.5,22.22222222222222,,,
Eswatini,2025,Sugar & Sweeteners,21.125,6,14.66,44.09959072305593,,,
Eswatini,2025,Vegetables,110.7,4,64.995,70.32079390722362,,,
Ethiopia,2019,Cereals & Grains,1128.67,129,1128.67,0.0,ETH,15.8096321719344,828.709080522921
Ethiopia,2019,Dairy,55.0,9,55.0,0.0,ETH,15.8096321719344,828.709080522921
Ethiopia,2019,Other,1100.0,79,1100.0,0.0,ETH,15.8096321719344,828.709080522921
Ethiopia,2019,Sugar & Sweeteners,26.0,9,26.0,0.0,ETH,15.8096321719344,828.709080522921
Ethiopia,2020,Cereals & Grains,1312.0,1172,1128.67,16.24301168632106,ETH,20.3563468559061,905.313159254148
Ethiopia,2020,Dairy,34.0,108,55.0,-38.18181818181819,ETH,20.3563468559061,905.313159254148
Ethiopia,2020,Other,1712.0,2655,1100.0,55.63636363636364,ETH,20.3563468559061,905.313159254148
Ethiopia,2020,Sugar & Sweeteners,28.0,40,26.0,7.6923076923076925,ETH,20.3563468559061,905.313159254148
Ethiopia,2021,Cereals & Grains,2247.0,1026,1128.67,99.08387748411846,ETH,26.8395221557722,910.947887074508
Ethiopia,2021,Dairy,45.0,108,55.0,-18.181818181818183,ETH,26.8395221557722,910.947887074508
Ethiopia,2021,Other,2350.0,2034,1100.0,113.63636363636364,ETH,26.8395221557722,910.947887074508
Ethiopia,2021,Sugar & Sweeteners,42.0,44,26.0,61.53846153846154,ETH,26.8395221557722,910.947887074508
Ethiopia,2022,Cereals & Grains,3200.0,1290,1128.67,183.51954069834403,ETH,33.8898797100898,1011.07332413462
Ethiopia,2022,Dairy,75.0,114,55.0,36.36363636363637,ETH,33.8898797100898,1011.07332413462
Ethiopia,2022,Other,2900.0,2573,1100.0,163.63636363636365,ETH,33.8898797100898,1011.07332413462
Ethiopia,2022,Sugar & Sweeteners,80.0,99,26.0,207.6923076923077,ETH,33.8898797100898,1011.07332413462
Ethiopia,2023,Cereals & Grains,4300.0,1045,1128.67,280.9793828133998,ETH,30.2188278135278,
Ethiopia,2023,Dairy,90.0,106,55.0,63.63636363636363,ETH,30.2188278135278,
Ethiopia,2023,Other,4000.0,2364,1100.0,263.6363636363636,ETH,30.2188278135278,
Ethiopia,2023,Sugar & Sweeteners,92.0,51,26.0,253.84615384615384,ETH,30.2188278135278,
Ethiopia,2024,Cereals & Grains,5350.0,758,1128.67,374.00923210504396,ETH,21.0377460577711,
Ethiopia,2024,Dairy,90.0,95,55.0,63.63636363636363,ETH,21.0377460577711,
Ethiopia,2024,Other,5000.0,1640,1100.0,354.54545454545456,ETH,21.0377460577711,
Ethiopia,2024,Sugar & Sweeteners,116.0,61,26.0,346.1538461538462,ETH,21.0377460577711,
Ethiopia,2025,Cereals & Grains,5500.0,692,1128.67,387.29921057527883,,,
Ethiopia,2025,Dairy,100.0,51,55.0,81.81818181818183,,,
Ethiopia,2025,Other,5817.0,1661,1100.0,428.8181818181818,,,
Ethiopia,2025,Sugar & Sweeteners,130.0,67,26.0,400.0,,,
Gambia,2019,Cereals & Grains,32.0,369,32.0,0.0,,,
Gambia,2019,Dairy,150.0,98,150.0,0.0,,,
Gambia,2019,Oils & Fats,90.0,35,90.0,0.0,,,
Gambia,2019,Other,50.0,819,50.0,0.0,,,
Gambia,2019,Proteins,135.0,250,135.0,0.0,,,
Gambia,2019,Pulses & Legumes,25.0,60,25.0,0.0,,,
Gambia,2019,Sugar & Sweeteners,32.0,67,32.0,0.0,,,
Gambia,2019,Vegetables,45.0,385,45.0,0.0,,,
Gambia,2020,Cereals & Grains,32.0,1204,32.0,0.0,,,
Gambia,2020,Dairy,50.0,460,150.0,-66.66666666666666,,,
Gambia,2020,Oils & Fats,85.0,235,90.0,-5.555555555555555,,,
Gambia,2020,Other,51.09,5020,50.0,2.180000000000007,,,
Gambia,2020,Proteins,80.0,2161,135.0,-40.74074074074074,,,
Gambia,2020,Pulses & Legumes,60.0,183,25.0,140.0,,,
Gambia,2020,Sugar & Sweeteners,36.0,194,32.0,12.5,,,
Gambia,2020,Vegetables,50.0,1223,45.0,11.11111111111111,,,
Gambia,2021,Cereals & Grains,32.0,1458,32.0,0.0,,,
Gambia,2021,Dairy,60.0,562,150.0,-60.0,,,
Gambia,2021,Oils & Fats,125.0,332,90.0,38.88888888888889,,,
Gambia,2021,Other,54.03,6532,50.0,8.060000000000002,,,
Gambia,2021,Proteins,75.0,2914,135.0,-44.44444444444444,,,
Gambia,2021,Pulses & Legumes,60.0,214,25.0,140.0,,,
Gambia,2021,Sugar & Sweeteners,36.0,222,32.0,12.5,,,
Gambia,2021,Vegetables,48.78,1502,45.0,8.400000000000002,,,
Gambia,2022,Cereals & Grains,40.0,1469,32.0,25.0,,,
Gambia,2022,Dairy,60.0,558,150.0,-60.0,,,
Gambia,2022,Oils & Fats,125.0,316,90.0,38.88888888888889,,,
Gambia,2022,Other,64.82,6244,50.0,29.63999999999999,,,
Gambia,2022,Proteins,100.0,2873,135.0,-25.925925925925924,,,
Gambia,2022,Pulses & Legumes,80.0,221,25.0,220.00000000000003,,,
Gambia,2022,Sugar & Sweeteners,48.0,235,32.0,50.0,,,
Gambia,2022,Vegetables,54.7,1494,45.0,21.55555555555556,,,
Gambia,2023,Cereals & Grains,48.0,1483,32.0,50.0,,,
Gambia,2023,Dairy,70.0,573,150.0,-53.333333333333336,,,
Gambia,2023,Oils & Fats,135.0,329,90.0,50.0,,,
Gambia,2023,Other,75.0,6402,50.0,50.0,,,
Gambia,2023,Proteins,140.0,2879,135.0,3.7037037037037033,,,
Gambia,2023,Pulses & Legumes,100.0,207,25.0,300.0,,,
Gambia,2023,Sugar & Sweeteners,55.0,218,32.0,71.875,,,
Gambia,2023,Vegetables,75.0,1528,45.0,66.66666666666666,,,
Gambia,2024,Cereals & Grains,52.0,1403,32.0,62.5,,,
Gambia,2024,Dairy,80.0,539,150.0,-46.666666666666664,,,
Gambia,2024,Oils & Fats,135.0,344,90.0,50.0,,,
Gambia,2024,Other,82.66499999999999,6164,50.0,65.32999999999998,,,
Gambia,2024,Proteins,150.0,2876,135.0,11.11111111111111,,,
Gambia,2024,Pulses & Legumes,100.0,201,25.0,300.0,,,
Gambia,2024,Sugar & Sweeteners,68.0,200,32.0,112.5,,,
Gambia,2024,Vegetables,80.0,1428,45.0,77.77777777777779,,,
Ghana,2019,Cereals & Grains,105.48,511,105.48,0.0,GHA,7.14364003330856,2186.65822682613
Ghana,2019,Other,14.15,1049,14.15,0.0,GHA,7.14364003330856,2186.65822682613
Ghana,2019,Proteins,10.975,286,10.975,0.0,GHA,7.14364003330856,2186.65822682613
Ghana,2019,Pulses & Legumes,1.915,126,1.915,0.0,GHA,7.14364003330856,2186.65822682613
Ghana,2019,Vegetables,4.465,238,4.465,0.0,GHA,7.14364003330856,2186.65822682613
Ghana,2020,Cereals & Grains,9.17,842,105.48,-91.30640879787637,GHA,9.88728956269943,2195.45481659987
Ghana,2020,Other,8.745000000000001,1952,14.15,-38.19787985865724,GHA,9.88728956269943,2195.45481659987
Ghana,2020,Proteins,21.33,544,10.975,94.3507972665148,GHA,9.88728956269943,2195.45481659987
Ghana,2020,Pulses & Legumes,6.355,352,1.915,231.8537859007833,GHA,9.88728956269943,2195.45481659987
Ghana,2020,Vegetables,12.55,527,4.465,181.07502799552074,GHA,9.88728956269943,2195.45481659987
Ghana,2021,Cereals & Grains,6.78,849,105.48,-93.57224118316269,GHA,9.97108867504442,2445.18662529344
Ghana,2021,Other,5.83,1861,14.15,-58.79858657243816,GHA,9.97108867504442,2445.18662529344
Ghana,2021,Proteins,18.89,645,10.975,72.11845102505696,GHA,9.97108867504442,2445.18662529344
Ghana,2021,Pulses & Legumes,9.83,323,1.915,413.31592689295036,GHA,9.97108867504442,2445.18662529344
Ghana,2021,Vegetables,4.35,472,4.465,-2.575587905935055,GHA,9.97108867504442,2445.18662529344
Ghana,2022,Cereals & Grains,10.42,788,105.48,-90.12135001896094,GHA,31.2558951049016,2229.89122647803
Ghana,2022,Other,8.48,1709,14.15,-40.07067137809187,GHA,31.2558951049016,2229.89122647803
Ghana,2022,Proteins,21.19,563,10.975,93.07517084282462,GHA,31.2558951049016,2229.89122647803
Ghana,2022,Pulses & Legumes,12.43,285,1.915,549.0861618798956,GHA,31.2558951049016,2229.89122647803
Ghana,2022,Vegetables,5.31,443,4.465,18.92497200447928,GHA,31.2558951049016,2229.89122647803
Ghana,2023,Cereals & Grains,15.72,617,105.48,-85.0967007963595,GHA,38.1069656296501,2383.90410483418
Ghana,2023,Other,12.565000000000001,1326,14.15,-11.20141342756183,GHA,38.1069656296501,2383.90410483418
Ghana,2023,Proteins,25.605,456,10.975,133.30296127562644,GHA,38.1069656296501,2383.90410483418
Ghana,2023,Pulses & Legumes,13.98,203,1.915,630.0261096605744,GHA,38.1069656296501,2383.90410483418
Ghana,2023,Vegetables,8.5,351,4.465,90.36954087346025,GHA,38.1069656296501,2383.90410483418
Guatemala,2019,Cereals & Grains,155.45,155,155.45,0.0,GTM,3.69998398008605,4511.99755157656
Guatemala,2019,Dairy,12.5,8,12.5,0.0,GTM,3.69998398008605,4511.99755157656
Guatemala,2019,Other,100.0,540,100.0,0.0,GTM,3.69998398008605,4511.99755157656
Guatemala,2019,Proteins,283.33,29,283.33,0.0,GTM,3.69998398008605,4511.99755157656
Guatemala,2019,Pulses & Legumes,378.75,102,378.75,0.0,GTM,3.69998398008605,4511.99755157656
Guatemala,2019,Vegetables,89.0,107,89.0,0.0,GTM,3.69998398008605,4511.99755157656
Guatemala,2020,Cereals & Grains,153.07,135,155.45,-1.5310389192666423,GTM,3.21444062197349,4477.61761796418
Guatemala,2020,Other,100.0,512,100.0,0.0,GTM,3.21444062197349,4477.61761796418
Guatemala,2020,Proteins,1000.0,23,283.33,252.9453287685738,GTM,3.21444062197349,4477.61761796418
Guatemala,2020,Pulses & Legumes,473.34000000000003,104,378.75,24.974257425742582,GTM,3.21444062197349,4477.61761796418
Guatemala,2020,Vegetables,96.33500000000001,98,89.0,8.241573033707875,GTM,3.21444062197349,4477.61761796418
Guatemala,2021,Cereals & Grains,162.5,135,155.45,4.5352203280797765,GTM,4.26105127422814,4912.62225721201
Guatemala,2021,Other,100.0,530,100.0,0.0,GTM,4.26105127422814,4912.62225721201
Guatemala,2021,Proteins,1150.0,15,283.33,305.88712808385986,GTM,4.26105127422814,4912.62225721201
Guatemala,2021,Pulses & Legumes,483.53499999999997,98,378.75,27.666006600660058,GTM,4.26105127422814,4912.62225721201
Guatemala,2021,Vegetables,99.76,97,89.0,12.089887640449444,GTM,4.26105127422814,4912.62225721201
Guatemala,2022,Cereals & Grains,172.02,10,155.45,10.659376005146363,GTM,6.88512823344283,5358.70127494396
Guatemala,2022,Other,100.575,40,100.0,0.5750000000000028,GTM,6.88512823344283,5358.70127494396
Guatemala,2022,Pulses & Legumes,516.15,7,378.75,36.277227722772274,GTM,6.88512823344283,5358.70127494396
Guatemala,2022,Vegetables,74.81,8,89.0,-15.943820224719099,GTM,6.88512823344283,5358.70127494396
Guinea,2019,Cereals & Grains,5300.0,376,5300.0,0.0,GIN,9.4700103925301,1031.34146480732
Guinea,2019,Oils & Fats,10000.0,89,10000.0,0.0,GIN,9.4700103925301,1031.34146480732
Guinea,2019,Other,7500.0,270,7500.0,0.0,GIN,9.4700103925301,1031.34146480732
Guinea,2019,Proteins,26667.0,265,26667.0,0.0,GIN,9.4700103925301,1031.34146480732
Guinea,2019,Pulses & Legumes,6833.0,95,6833.0,0.0,GIN,9.4700103925301,1031.34146480732
Guinea,2019,Sugar & Sweeteners,7916.5,56,7916.5,0.0,GIN,9.4700103925301,1031.34146480732
Guinea,2019,Vegetables,12416.5,166,12416.5,0.0,GIN,9.4700103925301,1031.34146480732
Guinea,2020,Cereals & Grains,5500.0,397,5300.0,3.7735849056603774,GIN,10.6016203387167,1053.66097696415
Guinea,2020,Oils & Fats,10000.0,78,10000.0,0.0,GIN,10.6016203387167,1053.66097696415
Guinea,2020,Other,8000.0,449,7500.0,6.666666666666667,GIN,10.6016203387167,1053.66097696415
Guinea,2020,Proteins,24000.0,357,26667.0,-10.001124985937675,GIN,10.6016203387167,1053.66097696415
Guinea,2020,Pulses & Legumes,8000.0,95,6833.0,17.078881896677885,GIN,10.6016203387167,1053.66097696415
Guinea,2020,Sugar & Sweeteners,8000.0,85,7916.5,1.054759047558896,GIN,10.6016203387167,1053.66097696415
Guinea,2020,Vegetables,13000.0,353,12416.5,4.699391938146821,GIN,10.6016203387167,1053.66097696415
Guinea,2021,Cereals & Grains,6000.0,454,5300.0,13.20754716981132,GIN,12.5972882566934,1244.96550477914
Guinea,2021,Oils & Fats,12000.0,99,10000.0,20.0,GIN,12.5972882566934,1244.96550477914
Guinea,2021,Other,10000.0,480,7500.0,33.33333333333333,GIN,12.5972882566934,1244.96550477914
Guinea,2021,Proteins,25000.0,396,26667.0,-6.251171860351745,GIN,12.5972882566934,1244.96550477914
Guinea,2021,Pulses & Legumes,9667.0,109,6833.0,41.47519391189814,GIN,12.5972882566934,1244.96550477914
Guinea,2021,Sugar & Sweeteners,10000.0,105,7916.5,26.31844880944862,GIN,12.5972882566934,1244.96550477914
Guinea,2021,Vegetables,14500.0,389,12416.5,16.78009100793299,GIN,12.5972882566934,1244.96550477914
Guinea,2022,Cereals & Grains,6500.0,429,5300.0,22.641509433962266,GIN,10.4930409984424,1416.59612011764
Guinea,2022,Oils & Fats,12000.0,87,10000.0,20.0,GIN,10.4930409984424,1416.59612011764
Guinea,2022,Other,10000.0,490,7500.0,33.33333333333333,GIN,10.4930409984424,1416.59612011764
Guinea,2022,Proteins,26333.5,376,26667.0,-1.2506093673829077,GIN,10.4930409984424,1416.59612011764
Guinea,2022,Pulses & Legumes,10000.0,107,6833.0,46.34860237084736,GIN,10.4930409984424,1416.59612011764
Guinea,2022,Sugar & Sweeteners,10000.0,92,7916.5,26.31844880944862,GIN,10.4930409984424,1416.59612011764
Guinea,2022,Vegetables,15000.0,378,12416.5,20.806990697861714,GIN,10.4930409984424,1416.59612011764
Guinea,2023,Cereals & Grains,6500.0,400,5300.0,22.641509433962266,GIN,7.80497591927974,1555.49375806861
Guinea,2023,Oils & Fats,13416.5,86,10000.0,34.165,GIN,7.80497591927974,1555.49375806861
Guinea,2023,Other,10333.0,485,7500.0,37.77333333333333,GIN,7.80497591927974,1555.49375806861
Guinea,2023,Proteins,33333.0,372,26667.0,24.99718753515581,GIN,7.80497591927974,1555.49375806861
Guinea,2023,Pulses & Legumes,10000.0,91,6833.0,46.34860237084736,GIN,7.80497591927974,1555.49375806861
Guinea,2023,Sugar & Sweeteners,10000.0,91,7916.5,26.31844880944862,GIN,7.80497591927974,1555.49375806861
Guinea,2023,Vegetables,15000.0,380,12416.5,20.806990697861714,GIN,7.80497591927974,1555.49375806861
Guinea,2024,Cereals & Grains,7000.0,404,5300.0,32.075471698113205,GIN,8.12313914948598,1717.02318120779
Guinea,2024,Oils & Fats,11583.5,84,10000.0,15.834999999999999,GIN,8.12313914948598,1717.02318120779
Guinea,2024,Other,11000.0,475,7500.0,46.666666666666664,GIN,8.12313914948598,1717.02318120779
Guinea,2024,Proteins,35000.0,386,26667.0,31.248359395507556,GIN,8.12313914948598,1717.02318120779
Guinea,2024,Pulses & Legumes,11000.0,98,6833.0,60.98346260793209,GIN,8.12313914948598,1717.02318120779
Guinea,2024,Sugar & Sweeteners,10000.0,92,7916.5,26.31844880944862,GIN,8.12313914948598,1717.02318120779
Guinea,2024,Vegetables,15000.0,393,12416.5,20.806990697861714,GIN,8.12313914948598,1717.02318120779
Guinea,2025,Cereals & Grains,7000.0,309,5300.0,32.075471698113205,,,
Guinea,2025,Oils & Fats,11000.0,62,10000.0,10.0,,,
Guinea,2025,Other,12000.0,376,7500.0,60.0,,,
Guinea,2025,Proteins,35000.0,297,26667.0,31.248359395507556,,,
Guinea,2025,Pulses & Legumes,12000.0,74,6833.0,75.61832284501683,,,
Guinea,2025,Sugar & Sweeteners,10000.0,72,7916.5,26.31844880944862,,,
Guinea,2025,Vegetables,12500.0,294,12416.5,0.6724922482180969,,,
Guinea-Bissau,2019,Cereals & Grains,458.0,77,458.0,0.0,GNB,0.246600268147865,807.425524872835
Guinea-Bissau,2019,Oils & Fats,1200.0,20,1200.0,0.0,GNB,0.246600268147865,807.425524872835
Guinea-Bissau,2019,Other,950.0,79,950.0,0.0,GNB,0.246600268147865,807.425524872835
Guinea-Bissau,2019,Sugar & Sweeteners,600.0,24,600.0,0.0,GNB,0.246600268147865,807.425524872835
Guinea-Bissau,2019,Vegetables,1000.0,21,1000.0,0.0,GNB,0.246600268147865,807.425524872835
Guinea-Bissau,2020,Cereals & Grains,400.0,652,458.0,-12.663755458515283,GNB,1.14000939393216,836.26731423732
Guinea-Bissau,2020,Oils & Fats,1150.0,147,1200.0,-4.166666666666666,GNB,1.14000939393216,836.26731423732
Guinea-Bissau,2020,Other,400.0,2134,950.0,-57.89473684210527,GNB,1.14000939393216,836.26731423732
Guinea-Bissau,2020,Sugar & Sweeteners,500.0,146,600.0,-16.666666666666664,GNB,1.14000939393216,836.26731423732
Guinea-Bissau,2020,Vegetables,900.0,654,1000.0,-10.0,GNB,1.14000939393216,836.26731423732
Guinea-Bissau,2021,Cereals & Grains,411.0,1409,458.0,-10.262008733624455,GNB,2.24248879577664,912.484104692847
Guinea-Bissau,2021,Oils & Fats,1233.0,332,1200.0,2.75,GNB,2.24248879577664,912.484104692847
Guinea-Bissau,2021,Other,475.0,5265,950.0,-50.0,GNB,2.24248879577664,912.484104692847
Guinea-Bissau,2021,Sugar & Sweeteners,536.5,326,600.0,-10.583333333333334,GNB,2.24248879577664,912.484104692847
Guinea-Bissau,2021,Vegetables,734.0,1353,1000.0,-26.6,GNB,2.24248879577664,912.484104692847
Guinea-Bissau,2022,Cereals & Grains,473.0,1385,458.0,3.2751091703056767,GNB,9.39075933985203,873.437861875428
Guinea-Bissau,2022,Oils & Fats,1489.0,355,1200.0,24.083333333333336,GNB,9.39075933985203,873.437861875428
Guinea-Bissau,2022,Other,564.0,5435,950.0,-40.63157894736842,GNB,9.39075933985203,873.437861875428
Guinea-Bissau,2022,Sugar & Sweeteners,686.0,346,600.0,14.333333333333334,GNB,9.39075933985203,873.437861875428
Guinea-Bissau,2022,Vegetables,945.5,1450,1000.0,-5.45,GNB,9.39075933985203,873.437861875428
Guinea-Bissau,2023,Cereals & Grains,485.0,1425,458.0,5.895196506550218,GNB,7.10220928557054,964.927554218909
Guinea-Bissau,2023,Oils & Fats,1500.0,360,1200.0,25.0,GNB,7.10220928557054,964.927554218909
Guinea-Bissau,2023,Other,529.0,5586,950.0,-44.315789473684205,GNB,7.10220928557054,964.927554218909
Guinea-Bissau,2023,Sugar & Sweeteners,732.5,328,600.0,22.083333333333332,GNB,7.10220928557054,964.927554218909
Guinea-Bissau,2023,Vegetables,1172.0,1433,1000.0,17.2,GNB,7.10220928557054,964.927554218909
Guinea-Bissau,2024,Cereals & Grains,500.0,1463,458.0,9.170305676855897,GNB,3.76555825770116,962.983627901892
Guinea-Bissau,2024,Oils & Fats,1500.0,354,1200.0,25.0,GNB,3.76555825770116,962.983627901892
Guinea-Bissau,2024,Other,500.0,5333,950.0,-47.368421052631575,GNB,3.76555825770116,962.983627901892
Guinea-Bissau,2024,Sugar & Sweeteners,700.0,346,600.0,16.666666666666664,GNB,3.76555825770116,962.983627901892
Guinea-Bissau,2024,Vegetables,1053.0,1369,1000.0,5.3,GNB,3.76555825770116,962.983627901892
Guinea-Bissau,2025,Cereals & Grains,500.0,242,458.0,9.170305676855897,,,
Guinea-Bissau,2025,Oils & Fats,1500.0,48,1200.0,25.0,,,
Guinea-Bissau,2025,Other,560.0,895,950.0,-41.05263157894737,,,
Guinea-Bissau,2025,Sugar & Sweeteners,700.0,54,600.0,16.666666666666664,,,
Guinea-Bissau,2025,Vegetables,1005.0,222,1000.0,0.5,,,
Haiti,2019,Cereals & Grains,175.0,394,175.0,0.0,HTI,18.7037825672506,1352.17204191532
Haiti,2019,Other,190.0,146,190.0,0.0,HTI,18.7037825672506,1352.17204191532
Haiti,2019,Pulses & Legumes,420.0,180,420.0,0.0,HTI,18.7037825672506,1352.17204191532
Haiti,2019,Sugar & Sweeteners,250.0,81,250.0,0.0,HTI,18.7037825672506,1352.17204191532
Haiti,2019,Vegetables,522.0,80,522.0,0.0,HTI,18.7037825672506,1352.17204191532
Haiti,2020,Cereals & Grains,204.0,387,175.0,16.57142857142857,HTI,22.7963113642528,1290.32538667383
Haiti,2020,Other,222.95,180,190.0,17.34210526315789,HTI,22.7963113642528,1290.32538667383
Haiti,2020,Pulses & Legumes,638.65,212,420.0,52.0595238095238,HTI,22.7963113642528,1290.32538667383
Haiti,2020,Sugar & Sweeteners,312.5,104,250.0,25.0,HTI,22.7963113642528,1290.32538667383
Haiti,2020,Vegetables,661.25,106,522.0,26.676245210727966,HTI,22.7963113642528,1290.32538667383
Haiti,2021,Cereals & Grains,200.0,365,175.0,14.285714285714285,HTI,16.8415240198785,1835.44394078496
Haiti,2021,Other,300.0,135,190.0,57.89473684210527,HTI,16.8415240198785,1835.44394078496
Haiti,2021,Pulses & Legumes,636.75,180,420.0,51.60714285714286,HTI,16.8415240198785,1835.44394078496
Haiti,2021,Sugar & Sweeteners,318.0,81,250.0,27.200000000000003,HTI,16.8415240198785,1835.44394078496
Haiti,2021,Vegetables,750.0,85,522.0,43.67816091954023,HTI,16.8415240198785,1835.44394078496
Haiti,2022,Cereals & Grains,404.0,375,175.0,130.85714285714286,HTI,33.98393194707,1760.62635668777
Haiti,2022,Other,500.0,129,190.0,163.1578947368421,HTI,33.98393194707,1760.62635668777
Haiti,2022,Pulses & Legumes,800.0,216,420.0,90.47619047619048,HTI,33.98393194707,1760.62635668777
Haiti,2022,Sugar & Sweeteners,550.0,89,250.0,120.0,HTI,33.98393194707,1760.62635668777
Haiti,2022,Vegetables,1462.5,97,522.0,180.17241379310346,HTI,33.98393194707,1760.62635668777
Haiti,2023,Cereals & Grains,600.0,330,175.0,242.85714285714283,HTI,36.8135162780853,1705.75808460999
Haiti,2023,Other,650.0,146,190.0,242.10526315789474,HTI,36.8135162780853,1705.75808460999
Haiti,2023,Pulses & Legumes,1200.0,216,420.0,185.71428571428572,HTI,36.8135162780853,1705.75808460999
Haiti,2023,Sugar & Sweeteners,900.0,85,250.0,260.0,HTI,36.8135162780853,1705.75808460999
Haiti,2023,Vegetables,2000.0,84,522.0,283.1417624521073,HTI,36.8135162780853,1705.75808460999
Haiti,2024,Cereals & Grains,600.0,305,175.0,242.85714285714283,HTI,26.9490564091987,2142.62330526788
Haiti,2024,Other,600.0,133,190.0,215.78947368421052,HTI,26.9490564091987,2142.62330526788
Haiti,2024,Pulses & Legumes,1263.35,198,420.0,200.797619047619,HTI,26.9490564091987,2142.62330526788
Haiti,2024,Sugar & Sweeteners,1045.5,78,250.0,318.2,HTI,26.9490564091987,2142.62330526788
Haiti,2024,Vegetables,1780.0,82,522.0,240.99616858237547,HTI,26.9490564091987,2142.62330526788
Haiti,2025,Cereals & Grains,100.0,3,175.0,-42.857142857142854,,,
Haiti,2025,Other,100.0,40,190.0,-47.368421052631575,,,
Haiti,2025,Pulses & Legumes,762.5,4,420.0,81.54761904761905,,,
Haiti,2025,Vegetables,100.0,3,522.0,-80.84291187739464,,,
Honduras,2019,Cereals & Grains,571.115,70,571.115,0.0,HND,4.36587159819271,2502.32744328073
Honduras,2019,Other,536.8,11,536.8,0.0,HND,4.36587159819271,2502.32744328073
Honduras,2019,Pulses & Legumes,929.17,35,929.17,0.0,HND,4.36587159819271,2502.32744328073
Honduras,2020,Cereals & Grains,463.70500000000004,42,571.115,-18.80707037987095,HND,3.46841177951179,2307.61494319511
Honduras,2020,Pulses & Legumes,1011.905,24,929.17,8.904183303378286,HND,3.46841177951179,2307.61494319511
Honduras,2021,Cereals & Grains,628.0,48,571.115,9.960340736979417,HND,4.48087963413447,2735.14751503977
Honduras,2021,Pulses & Legumes,1125.97,24,929.17,21.180193075540544,HND,4.48087963413447,2735.14751503977
Honduras,2022,Cereals & Grains,758.6,24,571.115,32.82788930425571,HND,9.08963911525025,3003.28996826399
Honduras,2022,Pulses & Legumes,1450.0,11,929.17,56.053251826899285,HND,9.08963911525025,3003.28996826399
India,2019,Cereals & Grains,28.689999999999998,1414,28.689999999999998,0.0,IND,3.72950573539127,2041.42863698585
India,2019,Dairy,43.0,220,43.0,0.0,IND,3.72950573539127,2041.42863698585
India,2019,Oils & Fats,90.0,934,90.0,0.0,IND,3.72950573539127,2041.42863698585
India,2019,Other,19.0,236,19.0,0.0,IND,3.72950573539127,2041.42863698585
India,2019,Pulses & Legumes,72.0,1173,72.0,0.0,IND,3.72950573539127,2041.42863698585
India,2019,Sugar & Sweeteners,40.0,550,40.0,0.0,IND,3.72950573539127,2041.42863698585
India,2019,Vegetables,25.0,1063,25.0,0.0,IND,3.72950573539127,2041.42863698585
India,2020,Cereals & Grains,30.0,2440,28.689999999999998,4.566050888811441,IND,6.62343677628536,1907.04251637669
India,2020,Dairy,45.0,341,43.0,4.651162790697675,IND,6.62343677628536,1907.04251637669
India,2020,Oils & Fats,105.0,1870,90.0,16.666666666666664,IND,6.62343677628536,1907.04251637669
India,2020,Other,20.0,480,19.0,5.263157894736842,IND,6.62343677628536,1907.04251637669
India,2020,Pulses & Legumes,90.0,2130,72.0,25.0,IND,6.62343677628536,1907.04251637669
India,2020,Sugar & Sweeteners,40.0,1085,40.0,0.0,IND,6.62343677628536,1907.04251637669
India,2020,Vegetables,32.62,2007,25.0,30.47999999999999,IND,6.62343677628536,1907.04251637669
India,2021,Cereals & Grains,30.58,5114,28.689999999999998,6.587661205995123,IND,5.13140747176368,2239.61384367482
India,2021,Dairy,47.74,627,43.0,11.023255813953494,IND,5.13140747176368,2239.61384367482
India,2021,Oils & Fats,141.0,3901,90.0,56.666666666666664,IND,5.13140747176368,2239.61384367482
India,2021,Other,21.67,1040,19.0,14.052631578947377,IND,5.13140747176368,2239.61384367482
India,2021,Pulses & Legumes,100.0,4642,72.0,38.88888888888889,IND,5.13140747176368,2239.61384367482
India,2021,Sugar & Sweeteners,40.54,2290,40.0,1.3499999999999979,IND,5.13140747176368,2239.61384367482
India,2021,Vegetables,23.67,4132,25.0,-5.319999999999993,IND,5.13140747176368,2239.61384367482
India,2022,Cereals & Grains,33.0,5663,28.689999999999998,15.022655977692583,IND,6.69903414079849,2347.44829434623
India,2022,Dairy,50.97,664,43.0,18.534883720930228,IND,6.69903414079849,2347.44829434623
India,2022,Oils & Fats,158.29,4527,90.0,75.87777777777777,IND,6.69903414079849,2347.44829434623
India,2022,Other,25.07,1173,19.0,31.947368421052637,IND,6.69903414079849,2347.44829434623
India,2022,Pulses & Legumes,100.73,5233,72.0,39.90277777777778,IND,6.69903414079849,2347.44829434623
India,2022,Sugar & Sweeteners,42.0,2595,40.0,5.0,IND,6.69903414079849,2347.44829434623
India,2022,Vegetables,27.1,4626,25.0,8.400000000000006,IND,6.69903414079849,2347.44829434623
India,2023,Cereals & Grains,35.61,3355,28.689999999999998,24.11990240501918,IND,5.64914318907929,2530.12031278204
India,2023,Dairy,54.0,394,43.0,25.581395348837212,IND,5.64914318907929,2530.12031278204
India,2023,Oils & Fats,135.92,2601,90.0,51.02222222222221,IND,5.64914318907929,2530.12031278204
India,2023,Other,28.0,716,19.0,47.368421052631575,IND,5.64914318907929,2530.12031278204
India,2023,Pulses & Legumes,106.595,3100,72.0,48.048611111111114,IND,5.64914318907929,2530.12031278204
India,2023,Sugar & Sweeteners,42.585,1520,40.0,6.462500000000001,IND,5.64914318907929,2530.12031278204
India,2023,Vegetables,22.13,2733,25.0,-11.480000000000004,IND,5.64914318907929,2530.12031278204
India,2024,Cereals & Grains,39.375,180,28.689999999999998,37.242941791565016,IND,4.95303550973652,2696.66389984463
India,2024,Dairy,56.795,22,43.0,32.08139534883721,IND,4.95303550973652,2696.66389984463
India,2024,Oils & Fats,128.47,166,90.0,42.74444444444444,IND,4.95303550973652,2696.66389984463
India,2024,Other,26.86,41,19.0,41.368421052631575,IND,4.95303550973652,2696.66389984463
India,2024,Pulses & Legumes,120.11,158,72.0,66.81944444444444,IND,4.95303550973652,2696.66389984463
India,2024,Sugar & Sweeteners,44.98,83,40.0,12.449999999999992,IND,4.95303550973652,2696.66389984463
India,2024,Vegetables,36.254999999999995,138,25.0,45.01999999999998,IND,4.95303550973652,2696.66389984463
India,2025,Cereals & Grains,39.915000000000006,150,28.689999999999998,39.12513070756364,,,
India,2025,Dairy,57.7,18,43.0,34.186046511627914,,,
India,2025,Oils & Fats,147.75,133,90.0,64.16666666666667,,,
India,2025,Other,24.66,31,19.0,29.789473684210527,,,
India,2025,Pulses & Legumes,112.87,139,72.0,56.76388888888889,,,
India,2025,Sugar & Sweeteners,46.31,69,40.0,15.775000000000006,,,
India,2025,Vegetables,25.93,113,25.0,3.719999999999999,,,
Indonesia,2019,Cereals & Grains,11211.0,24,11211.0,0.0,IDN,3.03058460941658,4106.94856160358
Indonesia,2019,Dairy,10501.5,12,10501.5,0.0,IDN,3.03058460941658,4106.94856160358
Indonesia,2019,Other,48843.0,24,48843.0,0.0,IDN,3.03058460941658,4106.94856160358
Indonesia,2019,Proteins,43243.0,36,43243.0,0.0,IDN,3.03058460941658,4106.94856160358
Indonesia,2019,Sugar & Sweeteners,12507.0,12,12507.0,0.0,IDN,3.03058460941658,4106.94856160358
Indonesia,2019,Vegetables,13996.0,12,13996.0,0.0,IDN,3.03058460941658,4106.94856160358
Indonesia,2020,Cereals & Grains,11400.0,9358,11211.0,1.6858442601016859,IDN,1.91983527270797,3853.70288774146
Indonesia,2020,Dairy,10634.0,3,10501.5,1.2617245155453982,IDN,1.91983527270797,3853.70288774146
Indonesia,2020,Other,31916.67,18334,48843.0,-34.6545666728088,IDN,1.91983527270797,3853.70288774146
Indonesia,2020,Proteins,35136.36,16119,43243.0,-18.746710450246283,IDN,1.91983527270797,3853.70288774146
Indonesia,2020,Sugar & Sweeteners,14827.59,6927,12507.0,18.554329575437755,IDN,1.91983527270797,3853.70288774146
Indonesia,2020,Vegetables,14661.650000000001,11958,13996.0,4.756001714775661,IDN,1.91983527270797,3853.70288774146
Indonesia,2021,Cereals & Grains,11319.05,9769,11211.0,0.9637855677459574,IDN,1.56007882983335,4287.17313995098
Indonesia,2021,Other,34600.0,19093,48843.0,-29.160780459840712,IDN,1.56007882983335,4287.17313995098
Indonesia,2021,Proteins,36600.0,16760,43243.0,-15.362023911384501,IDN,1.56007882983335,4287.17313995098
Indonesia,2021,Sugar & Sweeteners,13750.0,7306,12507.0,9.938434476693052,IDN,1.56007882983335,4287.17313995098
Indonesia,2021,Vegetables,17554.725,12424,13996.0,25.42672906544726,IDN,1.56007882983335,4287.17313995098
Indonesia,2022,Cereals & Grains,11535.71,9828,11211.0,2.8963517973418886,IDN,4.20946463714783,4730.83484836107
Indonesia,2022,Other,40138.89,19160,48843.0,-17.820588415944968,IDN,4.20946463714783,4730.83484836107
Indonesia,2022,Proteins,38000.0,16826,43243.0,-12.124505700344566,IDN,4.20946463714783,4730.83484836107
Indonesia,2022,Sugar & Sweeteners,14738.1,7332,12507.0,17.838810266250903,IDN,4.20946463714783,4730.83484836107
Indonesia,2022,Vegetables,23465.91,12429,13996.0,67.66154615604458,IDN,4.20946463714783,4730.83484836107
Indonesia,2023,Cereals & Grains,13319.75,9698,11211.0,18.809651235393808,IDN,3.6693865485976,4876.30774512252
Indonesia,2023,Other,39863.07,17636,48843.0,-18.3852957435047,IDN,3.6693865485976,4876.30774512252
Indonesia,2023,Proteins,38363.64,16660,43243.0,-11.283583470157021,IDN,3.6693865485976,4876.30774512252
Indonesia,2023,Sugar & Sweeteners,15237.17,7224,12507.0,21.82913568401695,IDN,3.6693865485976,4876.30774512252
Indonesia,2023,Vegetables,20575.0,12268,13996.0,47.00628751071735,IDN,3.6693865485976,4876.30774512252
Indonesia,2024,Cereals & Grains,14625.0,1795,11211.0,30.452234412630453,IDN,2.18151273615187,4925.43048751861
Indonesia,2024,Other,43750.0,2753,48843.0,-10.427287431156973,IDN,2.18151273615187,4925.43048751861
Indonesia,2024,Proteins,39000.0,2809,43243.0,-9.811992692458896,IDN,2.18151273615187,4925.43048751861
Indonesia,2024,Sugar & Sweeteners,17787.5,1230,12507.0,42.22035660030383,IDN,2.18151273615187,4925.43048751861
Indonesia,2024,Vegetables,20250.0,2074,13996.0,44.68419548442412,IDN,2.18151273615187,4925.43048751861
Iran,2019,Cereals & Grains,116580.0,1,116580.0,0.0,,,
Iran,2019,Other,132983.33,7,132983.33,0.0,,,
Iran,2019,Proteins,214950.0,1,214950.0,0.0,,,
Iran,2019,Pulses & Legumes,82737.0,1,82737.0,0.0,,,
Iran,2019,Vegetables,75000.0,1,75000.0,0.0,,,
Iran,2020,Cereals & Grains,170000.0,3,116580.0,45.82261108251844,,,
Iran,2020,Other,186596.67,5,132983.33,40.31583507496769,,,
Iran,2020,Proteins,149780.0,4,214950.0,-30.31867876250291,,,
Iran,2020,Pulses & Legumes,147375.0,4,82737.0,78.12466006744262,,,
Iran,2020,Vegetables,86000.0,7,75000.0,14.666666666666666,,,
Iran,2021,Cereals & Grains,270000.0,6,116580.0,131.60061760164695,,,
Iran,2021,Other,251466.875,6,132983.33,89.09653939332097,,,
Iran,2021,Proteins,435000.0,11,214950.0,102.37264480111654,,,
Iran,2021,Pulses & Legumes,336150.0,10,82737.0,306.2873925813119,,,
Iran,2021,Vegetables,125000.0,12,75000.0,66.66666666666666,,,
Iran,2022,Cereals & Grains,158000.0,23,116580.0,35.529250300223026,,,
Iran,2022,Other,240000.0,57,132983.33,80.4737481006078,,,
Iran,2022,Proteins,600000.0,29,214950.0,179.13468248429868,,,
Iran,2022,Pulses & Legumes,640000.0,25,82737.0,673.5354194616676,,,
Iran,2022,Vegetables,160000.0,43,75000.0,113.33333333333333,,,
Iran,2023,Cereals & Grains,160000.0,25,116580.0,37.24481043060559,,,
Iran,2023,Other,250000.0,83,132983.33,87.9934876047998,,,
Iran,2023,Proteins,780000.0,31,214950.0,262.8750872295883,,,
Iran,2023,Pulses & Legumes,819000.0,32,82737.0,889.8836070923529,,,
Iran,2023,Vegetables,200000.0,44,75000.0,166.66666666666669,,,
Iran,2024,Cereals & Grains,160000.0,27,116580.0,37.24481043060559,,,
Iran,2024,Other,320000.0,83,132983.33,140.63166413414376,,,
Iran,2024,Proteins,930000.0,39,214950.0,332.65875785066294,,,
Iran,2024,Pulses & Legumes,1100000.0,31,82737.0,1229.5140021997413,,,
Iran,2024,Vegetables,300000.0,47,75000.0,300.0,,,
Iran,2025,Cereals & Grains,195000.0,25,116580.0,67.26711271230057,,,
Iran,2025,Other,620000.0,69,132983.33,366.22384925990355,,,
Iran,2025,Proteins,1300000.0,38,214950.0,504.7918120493138,,,
Iran,2025,Pulses & Legumes,2000000.0,28,82737.0,2317.298185817712,,,
Iran,2025,Vegetables,500000.0,44,75000.0,566.6666666666667,,,
Iraq,2019,Cereals & Grains,1000.0,312,1000.0,0.0,IRQ,-0.198965380023939,5671.8568632942
Iraq,2019,Dairy,4000.0,305,4000.0,0.0,IRQ,-0.198965380023939,5671.8568632942
Iraq,2019,Other,2000.0,751,2000.0,0.0,IRQ,-0.198965380023939,5671.8568632942
Iraq,2019,Proteins,3750.0,415,3750.0,0.0,IRQ,-0.198965380023939,5671.8568632942
Iraq,2019,Pulses & Legumes,2000.0,204,2000.0,0.0,IRQ,-0.198965380023939,5671.8568632942
Iraq,2019,Sugar & Sweeteners,1000.0,99,1000.0,0.0,IRQ,-0.198965380023939,5671.8568632942
Iraq,2019,Vegetables,1000.0,334,1000.0,0.0,IRQ,-0.198965380023939,5671.8568632942
Iraq,2020,Cereals & Grains,1000.0,431,1000.0,0.0,IRQ,0.574162679425837,4295.18945121228
Iraq,2020,Dairy,4500.0,415,4000.0,12.5,IRQ,0.574162679425837,4295.18945121228
Iraq,2020,Other,2000.0,1822,2000.0,0.0,IRQ,0.574162679425837,4295.18945121228
Iraq,2020,Proteins,4500.0,680,3750.0,20.0,IRQ,0.574162679425837,4295.18945121228
Iraq,2020,Pulses & Legumes,2000.0,367,2000.0,0.0,IRQ,0.574162679425837,4295.18945121228
Iraq,2020,Sugar & Sweeteners,1000.0,134,1000.0,0.0,IRQ,0.574162679425837,4295.18945121228
Iraq,2020,Vegetables,826.615,542,1000.0,-17.3385,IRQ,0.574162679425837,4295.18945121228
Iraq,2021,Cereals & Grains,1000.0,407,1000.0,0.0,IRQ,6.0418648905804,4868.49431080783
Iraq,2021,Dairy,5000.0,415,4000.0,25.0,IRQ,6.0418648905804,4868.49431080783
Iraq,2021,Other,2000.0,2258,2000.0,0.0,IRQ,6.0418648905804,4868.49431080783
Iraq,2021,Proteins,4733.33,770,3750.0,26.222133333333332,IRQ,6.0418648905804,4868.49431080783
Iraq,2021,Pulses & Legumes,2377.0150000000003,422,2000.0,18.850750000000016,IRQ,6.0418648905804,4868.49431080783
Iraq,2021,Sugar & Sweeteners,1000.0,138,1000.0,0.0,IRQ,6.0418648905804,4868.49431080783
Iraq,2021,Vegetables,750.0,568,1000.0,-25.0,IRQ,6.0418648905804,4868.49431080783
Iraq,2022,Cereals & Grains,1045.16,449,1000.0,4.516000000000008,IRQ,4.99476596381041,6520.73154560584
Iraq,2022,Dairy,5000.0,422,4000.0,25.0,IRQ,4.99476596381041,6520.73154560584
Iraq,2022,Other,2000.0,2285,2000.0,0.0,IRQ,4.99476596381041,6520.73154560584
Iraq,2022,Proteins,5000.0,870,3750.0,33.33333333333333,IRQ,4.99476596381041,6520.73154560584
Iraq,2022,Pulses & Legumes,2500.0,425,2000.0,25.0,IRQ,4.99476596381041,6520.73154560584
Iraq,2022,Sugar & Sweeteners,1250.0,148,1000.0,25.0,IRQ,4.99476596381041,6520.73154560584
Iraq,2022,Vegetables,935.48,545,1000.0,-6.451999999999998,IRQ,4.99476596381041,6520.73154560584
Iraq,2023,Cereals & Grains,1250.0,403,1000.0,25.0,IRQ,4.35835351089588,5965.31835077761
Iraq,2023,Dairy,5000.0,423,4000.0,25.0,IRQ,4.35835351089588,5965.31835077761
Iraq,2023,Other,2500.0,2270,2000.0,25.0,IRQ,4.35835351089588,5965.31835077761
Iraq,2023,Proteins,5838.71,869,3750.0,55.698933333333336,IRQ,4.35835351089588,5965.31835077761
Iraq,2023,Pulses & Legumes,2500.0,418,2000.0,25.0,IRQ,4.35835351089588,5965.31835077761
Iraq,2023,Sugar & Sweeteners,1350.0,147,1000.0,35.0,IRQ,4.35835351089588,5965.31835077761
Iraq,2023,Vegetables,1000.0,563,1000.0,0.0,IRQ,4.35835351089588,5965.31835077761
Iraq,2024,Cereals & Grains,1250.0,435,1000.0,25.0,IRQ,-12.2969837587007,6073.61032342708
Iraq,2024,Dairy,5616.67,423,4000.0,40.41675,IRQ,-12.2969837587007,6073.61032342708
Iraq,2024,Other,2500.0,2287,2000.0,25.0,IRQ,-12.2969837587007,6073.61032342708
Iraq,2024,Proteins,6000.0,858,3750.0,60.0,IRQ,-12.2969837587007,6073.61032342708
Iraq,2024,Pulses & Legumes,2564.37,424,2000.0,28.218499999999995,IRQ,-12.2969837587007,6073.61032342708
Iraq,2024,Sugar & Sweeteners,1500.0,149,1000.0,50.0,IRQ,-12.2969837587007,6073.61032342708
Iraq,2024,Vegetables,975.0,570,1000.0,-2.5,IRQ,-12.2969837587007,6073.61032342708
Iraq,2025,Cereals & Grains,1250.0,423,1000.0,25.0,,,
Iraq,2025,Dairy,6000.0,386,4000.0,50.0,,,
Iraq,2025,Other,2134.62,2121,2000.0,6.730999999999994,,,
Iraq,2025,Proteins,5500.0,799,3750.0,46.666666666666664,,,
Iraq,2025,Pulses & Legumes,2500.0,386,2000.0,25.0,,,
Iraq,2025,Sugar & Sweeteners,1500.0,132,1000.0,50.0,,,
Iraq,2025,Vegetables,943.55,535,1000.0,-5.645000000000005,,,
JPN,2019,Cereals & Grains,599.0,49,599.0,0.0,,,
JPN,2019,Dairy,214.0,17,214.0,0.0,,,
JPN,2019,Other,177.0,33,177.0,0.0,,,
JPN,2019,Sugar & Sweeteners,196.0,17,196.0,0.0,,,
JPN,2019,Vegetables,337.0,16,337.0,0.0,,,
JPN,2020,Cereals & Grains,593.5,6,599.0,-0.9181969949916527,,,
JPN,2020,Dairy,215.0,1,214.0,0.46728971962616817,,,
JPN,2020,Other,152.0,3,177.0,-14.124293785310735,,,
JPN,2020,Sugar & Sweeteners,189.5,2,196.0,-3.316326530612245,,,
JPN,2020,Vegetables,325.0,1,337.0,-3.5608308605341246,,,
Jordan,2019,Cereals & Grains,0.85,312,0.85,0.0,JOR,0.76151404726555,4170.1144003465
Jordan,2019,Dairy,1.2,300,1.2,0.0,JOR,0.76151404726555,4170.1144003465
Jordan,2019,Oils & Fats,6.1,211,6.1,0.0,JOR,0.76151404726555,4170.1144003465
Jordan,2019,Other,0.75,1146,0.75,0.0,JOR,0.76151404726555,4170.1144003465
Jordan,2019,Proteins,2.28,550,2.28,0.0,JOR,0.76151404726555,4170.1144003465
Jordan,2019,Pulses & Legumes,1.45,272,1.45,0.0,JOR,0.76151404726555,4170.1144003465
Jordan,2019,Sugar & Sweeteners,0.68,96,0.68,0.0,JOR,0.76151404726555,4170.1144003465
Jordan,2019,Vegetables,0.68,388,0.68,0.0,JOR,0.76151404726555,4170.1144003465
Jordan,2020,Cereals & Grains,0.855,304,0.85,0.5882352941176475,JOR,0.333294350628422,4022.0401356135
Jordan,2020,Dairy,1.16,289,1.2,-3.3333333333333366,JOR,0.333294350628422,4022.0401356135
Jordan,2020,Oils & Fats,6.0,200,6.1,-1.6393442622950762,JOR,0.333294350628422,4022.0401356135
Jordan,2020,Other,0.75,1096,0.75,0.0,JOR,0.333294350628422,4022.0401356135
Jordan,2020,Proteins,2.2,567,2.28,-3.508771929824545,JOR,0.333294350628422,4022.0401356135
Jordan,2020,Pulses & Legumes,1.36,308,1.45,-6.206896551724128,JOR,0.333294350628422,4022.0401356135
Jordan,2020,Sugar & Sweeteners,0.67,93,0.68,-1.4705882352941189,JOR,0.333294350628422,4022.0401356135
Jordan,2020,Vegetables,0.575,388,0.68,-15.441176470588246,JOR,0.333294350628422,4022.0401356135
Jordan,2021,Cereals & Grains,0.85,288,0.85,0.0,JOR,1.34609377243117,4183.49998326866
Jordan,2021,Dairy,1.13,275,1.2,-5.833333333333339,JOR,1.34609377243117,4183.49998326866
Jordan,2021,Oils & Fats,6.0,198,6.1,-1.6393442622950762,JOR,1.34609377243117,4183.49998326866
Jordan,2021,Other,0.76,1246,0.75,1.3333333333333344,JOR,1.34609377243117,4183.49998326866
Jordan,2021,Proteins,2.29,559,2.28,0.4385964912280803,JOR,1.34609377243117,4183.49998326866
Jordan,2021,Pulses & Legumes,1.36,278,1.45,-6.206896551724128,JOR,1.34609377243117,4183.49998326866
Jordan,2021,Sugar & Sweeteners,0.66,96,0.68,-2.9411764705882377,JOR,1.34609377243117,4183.49998326866
Jordan,2021,Vegetables,0.51,404,0.68,-25.000000000000007,JOR,1.34609377243117,4183.49998326866
Jordan,2022,Cereals & Grains,0.895,300,0.85,5.294117647058829,JOR,4.22915568897118,4332.25159897931
Jordan,2022,Dairy,1.11,289,1.2,-7.4999999999999885,JOR,4.22915568897118,4332.25159897931
Jordan,2022,Oils & Fats,6.0,174,6.1,-1.6393442622950762,JOR,4.22915568897118,4332.25159897931
Jordan,2022,Other,0.83,1231,0.75,10.666666666666663,JOR,4.22915568897118,4332.25159897931
Jordan,2022,Proteins,2.37,583,2.28,3.947368421052645,JOR,4.22915568897118,4332.25159897931
Jordan,2022,Pulses & Legumes,1.58,278,1.45,8.965517241379318,JOR,4.22915568897118,4332.25159897931
Jordan,2022,Sugar & Sweeteners,0.72,97,0.68,5.8823529411764595,JOR,4.22915568897118,4332.25159897931
Jordan,2022,Vegetables,0.62,393,0.68,-8.823529411764714,JOR,4.22915568897118,4332.25159897931
Jordan,2023,Cereals & Grains,0.95,311,0.85,11.764705882352938,JOR,2.08486986327134,4466.08314208575
Jordan,2023,Dairy,1.1,290,1.2,-8.333333333333323,JOR,2.08486986327134,4466.08314208575
Jordan,2023,Oils & Fats,6.09,186,6.1,-0.16393442622950471,JOR,2.08486986327134,4466.08314208575
Jordan,2023,Other,0.86,1211,0.75,14.666666666666664,JOR,2.08486986327134,4466.08314208575
Jordan,2023,Proteins,2.37,578,2.28,3.947368421052645,JOR,2.08486986327134,4466.08314208575
Jordan,2023,Pulses & Legumes,1.58,285,1.45,8.965517241379318,JOR,2.08486986327134,4466.08314208575
Jordan,2023,Sugar & Sweeteners,0.74,105,0.68,8.823529411764696,JOR,2.08486986327134,4466.08314208575
Jordan,2023,Vegetables,0.59,389,0.68,-13.23529411764707,JOR,2.08486986327134,4466.08314208575
Jordan,2024,Cereals & Grains,0.98,306,0.85,15.294117647058824,JOR,1.55659611283951,4618.09592498567
Jordan,2024,Dairy,1.13,298,1.2,-5.833333333333339,JOR,1.55659611283951,4618.09592498567
Jordan,2024,Oils & Fats,6.26,185,6.1,2.6229508196721336,JOR,1.55659611283951,4618.09592498567
Jordan,2024,Other,0.86,1216,0.75,14.666666666666664,JOR,1.55659611283951,4618.09592498567
Jordan,2024,Proteins,2.43,575,2.28,6.578947368421069,JOR,1.55659611283951,4618.09592498567
Jordan,2024,Pulses & Legumes,1.65,280,1.45,13.79310344827586,JOR,1.55659611283951,4618.09592498567
Jordan,2024,Sugar & Sweeteners,0.79,93,0.68,16.176470588235293,JOR,1.55659611283951,4618.09592498567
Jordan,2024,Vegetables,0.64,378,0.68,-5.8823529411764754,JOR,1.55659611283951,4618.09592498567
Jordan,2025,Cereals & Grains,1.07,208,0.85,25.882352941176478,,,
Jordan,2025,Dairy,1.11,195,1.2,-7.4999999999999885,,,
Jordan,2025,Oils & Fats,6.33,133,6.1,3.770491803278696,,,
Jordan,2025,Other,0.85,792,0.75,13.33333333333333,,,
Jordan,2025,Proteins,2.8449999999999998,350,2.28,24.780701754385966,,,
Jordan,2025,Pulses & Legumes,1.59,207,1.45,9.655172413793112,,,
Jordan,2025,Sugar & Sweeteners,0.8,68,0.68,17.64705882352941,,,
Jordan,2025,Vegetables,0.51,262,0.68,-25.000000000000007,,,
Kazakhstan,2019,Cereals & Grains,177.5,30,177.5,0.0,KAZ,5.33356098916663,9457.12614657136
Kazakhstan,2019,Dairy,247.0,15,247.0,0.0,KAZ,5.33356098916663,9457.12614657136
Kazakhstan,2019,Oils & Fats,470.0,28,470.0,0.0,KAZ,5.33356098916663,9457.12614657136
Kazakhstan,2019,Proteins,1696.0,41,1696.0,0.0,KAZ,5.33356098916663,9457.12614657136
Kazakhstan,2019,Vegetables,106.0,37,106.0,0.0,KAZ,5.33356098916663,9457.12614657136
Kazakhstan,2020,Cereals & Grains,232.5,30,177.5,30.985915492957744,KAZ,6.71815454861464,8781.50797787648
Kazakhstan,2020,Dairy,258.5,14,247.0,4.65587044534413,KAZ,6.71815454861464,8781.50797787648
Kazakhstan,2020,Oils & Fats,477.0,30,470.0,1.4893617021276597,KAZ,6.71815454861464,8781.50797787648
Kazakhstan,2020,Proteins,1875.0,39,1696.0,10.554245283018867,KAZ,6.71815454861464,8781.50797787648
Kazakhstan,2020,Vegetables,128.0,33,106.0,20.754716981132077,KAZ,6.71815454861464,8781.50797787648
Kenya,2019,Cereals & Grains,49.1,167,49.1,0.0,KEN,5.23963795764789,1960.40808854893
Kenya,2019,Dairy,44.0,8,44.0,0.0,KEN,5.23963795764789,1960.40808854893
Kenya,2019,Other,3500.0,61,3500.0,0.0,KEN,5.23963795764789,1960.40808854893
Kenya,2019,Pulses & Legumes,104.95,98,104.95,0.0,KEN,5.23963795764789,1960.40808854893
Kenya,2019,Vegetables,2076.0,40,2076.0,0.0,KEN,5.23963795764789,1960.40808854893
Kenya,2020,Cereals & Grains,45.35,106,49.1,-7.637474541751526,KEN,5.40516207933395,1927.66459027849
Kenya,2020,Dairy,45.0,6,44.0,2.272727272727273,KEN,5.40516207933395,1927.66459027849
Kenya,2020,Other,94.63,43,3500.0,-97.29628571428572,KEN,5.40516207933395,1927.66459027849
Kenya,2020,Pulses & Legumes,107.0,43,104.95,1.9533111005240564,KEN,5.40516207933395,1927.66459027849
Kenya,2020,Vegetables,1832.915,16,2076.0,-11.709296724470136,KEN,5.40516207933395,1927.66459027849
Kenya,2021,Cereals & Grains,70.0,890,49.1,42.56619144602851,KEN,6.10793603659178,2061.35622089594
Kenya,2021,Dairy,60.0,232,44.0,36.36363636363637,KEN,6.10793603659178,2061.35622089594
Kenya,2021,Other,44.0,858,3500.0,-98.74285714285715,KEN,6.10793603659178,2061.35622089594
Kenya,2021,Pulses & Legumes,7002.0,646,104.95,6571.74845164364,KEN,6.10793603659178,2061.35622089594
Kenya,2021,Vegetables,267.5,734,2076.0,-87.11464354527938,KEN,6.10793603659178,2061.35622089594
Kenya,2022,Cereals & Grains,4102.5,238,49.1,8255.397148676171,KEN,7.65986268272222,2109.56288513137
Kenya,2022,Dairy,64.38,23,44.0,46.318181818181806,KEN,7.65986268272222,2109.56288513137
Kenya,2022,Other,1694.5,278,3500.0,-51.58571428571429,KEN,7.65986268272222,2109.56288513137
Kenya,2022,Pulses & Legumes,9292.5,319,104.95,8754.21629347308,KEN,7.65986268272222,2109.56288513137
Kenya,2022,Vegetables,2223.0,377,2076.0,7.08092485549133,KEN,7.65986268272222,2109.56288513137
Kenya,2023,Cereals & Grains,115.0,637,49.1,134.21588594704684,KEN,7.67139634029401,1952.30457929636
Kenya,2023,Dairy,93.33,149,44.0,112.11363636363636,KEN,7.67139634029401,1952.30457929636
Kenya,2023,Other,70.0,456,3500.0,-98.0,KEN,7.67139634029401,1952.30457929636
Kenya,2023,Pulses & Legumes,200.0,331,104.95,90.56693663649357,KEN,7.67139634029401,1952.30457929636
Kenya,2023,Vegetables,340.0,413,2076.0,-83.62235067437379,KEN,7.67139634029401,1952.30457929636
Kenya,2024,Cereals & Grains,105.0,1398,49.1,113.84928716904277,KEN,4.48978854243448,2206.1349785176
Kenya,2024,Dairy,140.0,351,44.0,218.18181818181816,KEN,4.48978854243448,2206.1349785176
Kenya,2024,Other,20.0,699,3500.0,-99.42857142857143,KEN,4.48978854243448,2206.1349785176
Kenya,2024,Pulses & Legumes,160.0,603,104.95,52.45354930919485,KEN,4.48978854243448,2206.1349785176
Kenya,2024,Vegetables,287.0,576,2076.0,-86.17533718689788,KEN,4.48978854243448,2206.1349785176
Kenya,2025,Cereals & Grains,93.25,386,49.1,89.91853360488797,,,
Kenya,2025,Dairy,100.0,108,44.0,127.27272727272727,,,
Kenya,2025,Other,20.0,231,3500.0,-99.42857142857143,,,
Kenya,2025,Pulses & Legumes,140.0,163,104.95,33.39685564554549,,,
Kenya,2025,Vegetables,281.29499999999996,222,2076.0,-86.45014450867052,,,
Kyrgyzstan,2019,Cereals & Grains,45.625,632,45.625,0.0,,,
Kyrgyzstan,2019,Dairy,30.0,133,30.0,0.0,,,
Kyrgyzstan,2019,Oils & Fats,287.23,556,287.23,0.0,,,
Kyrgyzstan,2019,Other,50.0,1923,50.0,0.0,,,
Kyrgyzstan,2019,Proteins,271.61,770,271.61,0.0,,,
Kyrgyzstan,2019,Pulses & Legumes,60.81,318,60.81,0.0,,,
Kyrgyzstan,2019,Sugar & Sweeteners,46.845,156,46.845,0.0,,,
Kyrgyzstan,2019,Vegetables,24.305,568,24.305,0.0,,,
Kyrgyzstan,2020,Cereals & Grains,50.55,677,45.625,10.794520547945199,,,
Kyrgyzstan,2020,Dairy,33.230000000000004,142,30.0,10.76666666666668,,,
Kyrgyzstan,2020,Oils & Fats,287.23,473,287.23,0.0,,,
Kyrgyzstan,2020,Other,56.17,1674,50.0,12.340000000000003,,,
Kyrgyzstan,2020,Proteins,300.0,748,271.61,10.45248702183277,,,
Kyrgyzstan,2020,Pulses & Legumes,71.72999999999999,288,60.81,17.957572767636883,,,
Kyrgyzstan,2020,Sugar & Sweeteners,45.035,138,46.845,-3.8638061692816783,,,
Kyrgyzstan,2020,Vegetables,24.605,536,24.305,1.2343139271754813,,,
Kyrgyzstan,2021,Cereals & Grains,66.72,544,45.625,46.23561643835616,,,
Kyrgyzstan,2021,Dairy,35.0,150,30.0,16.666666666666664,,,
Kyrgyzstan,2021,Oils & Fats,308.58,486,287.23,7.4330675765066205,,,
Kyrgyzstan,2021,Other,62.22,1723,50.0,24.439999999999998,,,
Kyrgyzstan,2021,Proteins,249.85,655,271.61,-8.011487058650276,,,
Kyrgyzstan,2021,Pulses & Legumes,72.79,288,60.81,19.70070712053939,,,
Kyrgyzstan,2021,Sugar & Sweeteners,66.2,133,46.845,41.31710961682144,,,
Kyrgyzstan,2021,Vegetables,33.510000000000005,578,24.305,37.872865665500946,,,
Kyrgyzstan,2022,Cereals & Grains,73.68,592,45.625,61.49041095890413,,,
Kyrgyzstan,2022,Dairy,45.95,146,30.0,53.16666666666667,,,
Kyrgyzstan,2022,Oils & Fats,356.42,553,287.23,24.088709396650763,,,
Kyrgyzstan,2022,Other,72.41,1840,50.0,44.81999999999999,,,
Kyrgyzstan,2022,Proteins,295.84000000000003,648,271.61,8.9208792017967,,,
Kyrgyzstan,2022,Pulses & Legumes,86.49,306,60.81,42.229896398618635,,,
Kyrgyzstan,2022,Sugar & Sweeteners,91.61,137,46.845,95.55982495463763,,,
Kyrgyzstan,2022,Vegetables,37.665,576,24.305,54.968113556881306,,,
Kyrgyzstan,2023,Cereals & Grains,82.43,561,45.625,80.66849315068495,,,
Kyrgyzstan,2023,Dairy,50.0,131,30.0,66.66666666666666,,,
Kyrgyzstan,2023,Oils & Fats,396.59,547,287.23,38.074017338021775,,,
Kyrgyzstan,2023,Other,76.835,1830,50.0,53.66999999999999,,,
Kyrgyzstan,2023,Proteins,350.0,730,271.61,28.861234858804895,,,
Kyrgyzstan,2023,Pulses & Legumes,89.3,284,60.81,46.85084690018088,,,
Kyrgyzstan,2023,Sugar & Sweeteners,88.72,129,46.845,89.3905432810332,,,
Kyrgyzstan,2023,Vegetables,40.65,577,24.305,67.24953713227731,,,
Kyrgyzstan,2024,Cereals & Grains,75.76,557,45.625,66.04931506849316,,,
Kyrgyzstan,2024,Dairy,50.34,139,30.0,67.80000000000001,,,
Kyrgyzstan,2024,Oils & Fats,400.0,519,287.23,39.261219231974366,,,
Kyrgyzstan,2024,Other,81.25,1826,50.0,62.5,,,
Kyrgyzstan,2024,Proteins,347.47,683,271.61,27.929752218254116,,,
Kyrgyzstan,2024,Pulses & Legumes,100.0,295,60.81,64.44663706627199,,,
Kyrgyzstan,2024,Sugar & Sweeteners,82.42,137,46.845,75.94193617248372,,,
Kyrgyzstan,2024,Vegetables,34.2,559,24.305,40.711787698004535,,,
Kyrgyzstan,2025,Cereals & Grains,70.93,494,45.625,55.46301369863015,,,
Kyrgyzstan,2025,Dairy,51.59,110,30.0,71.96666666666668,,,
Kyrgyzstan,2025,Oils & Fats,436.74,429,287.23,52.05236221843121,,,
Kyrgyzstan,2025,Other,79.995,1524,50.0,59.99000000000001,,,
Kyrgyzstan,2025,Proteins,368.18,550,271.61,35.55465557232797,,,
Kyrgyzstan,2025,Pulses & Legumes,99.36500000000001,262,60.81,63.40240092090118,,,
Kyrgyzstan,2025,Sugar & Sweeteners,80.13,105,46.845,71.05347422350303,,,
Kyrgyzstan,2025,Vegetables,50.0,482,24.305,105.71898786257972,,,
Laos,2019,Cereals & Grains,7000.0,498,7000.0,0.0,,,
Laos,2019,Oils & Fats,12500.0,188,12500.0,0.0,,,
Laos,2019,Other,10000.0,255,10000.0,0.0,,,
Laos,2019,Proteins,37500.0,869,37500.0,0.0,,,
Laos,2019,Sugar & Sweeteners,7500.0,78,7500.0,0.0,,,
Laos,2020,Cereals & Grains,7500.0,711,7000.0,7.142857142857142,,,
Laos,2020,Oils & Fats,12500.0,258,12500.0,0.0,,,
Laos,2020,Other,8615.0,379,10000.0,-13.850000000000001,,,
Laos,2020,Proteins,42500.0,1311,37500.0,13.333333333333334,,,
Laos,2020,Sugar & Sweeteners,8000.0,121,7500.0,6.666666666666667,,,
Laos,2021,Cereals & Grains,7500.0,697,7000.0,7.142857142857142,,,
Laos,2021,Oils & Fats,15000.0,254,12500.0,20.0,,,
Laos,2021,Other,10670.0,328,10000.0,6.7,,,
Laos,2021,Proteins,45000.0,1114,37500.0,20.0,,,
Laos,2021,Sugar & Sweeteners,8000.0,108,7500.0,6.666666666666667,,,
Laos,2022,Cereals & Grains,8000.0,674,7000.0,14.285714285714285,,,
Laos,2022,Oils & Fats,30500.0,228,12500.0,144.0,,,
Laos,2022,Other,19580.0,346,10000.0,95.8,,,
Laos,2022,Proteins,55000.0,1136,37500.0,46.666666666666664,,,
Laos,2022,Sugar & Sweeteners,11500.0,105,7500.0,53.333333333333336,,,
Laos,2023,Cereals & Grains,12868.0,679,7000.0,83.82857142857144,,,
Laos,2023,Oils & Fats,37000.0,260,12500.0,196.0,,,
Laos,2023,Other,21249.5,336,10000.0,112.49499999999999,,,
Laos,2023,Proteins,73333.0,1134,37500.0,95.55466666666666,,,
Laos,2023,Sugar & Sweeteners,16472.0,126,7500.0,119.62666666666667,,,
Laos,2024,Cereals & Grains,15877.5,752,7000.0,126.82142857142857,,,
Laos,2024,Oils & Fats,38428.57,263,12500.0,207.42856,,,
Laos,2024,Other,24360.82,336,10000.0,143.6082,,,
Laos,2024,Proteins,85370.5,1215,37500.0,127.65466666666667,,,
Laos,2024,Sugar & Sweeteners,22000.0,121,7500.0,193.33333333333334,,,
Laos,2025,Cereals & Grains,17000.0,380,7000.0,142.85714285714286,,,
Laos,2025,Oils & Fats,38000.0,129,12500.0,204.0,,,
Laos,2025,Other,23537.195,180,10000.0,135.37195,,,
Laos,2025,Proteins,85545.85500000001,642,37500.0,128.12228000000005,,,
Laos,2025,Sugar & Sweeteners,22607.14,61,7500.0,201.4285333333333,,,
Lebanon,2019,Dairy,2250.0,192,2250.0,0.0,LBN,3.00538949390382,8905.88005497437
Lebanon,2019,Oils & Fats,10500.0,127,10500.0,0.0,LBN,3.00538949390382,8905.88005497437
Lebanon,2019,Other,17200.0,655,17200.0,0.0,LBN,3.00538949390382,8905.88005497437
Lebanon,2019,Proteins,2599.0,559,2599.0,0.0,LBN,3.00538949390382,8905.88005497437
Lebanon,2019,Pulses & Legumes,2392.0,404,2392.0,0.0,LBN,3.00538949390382,8905.88005497437
Lebanon,2020,Dairy,3773.0,177,2250.0,67.68888888888888,LBN,84.864333047204,5561.19166950397
Lebanon,2020,Oils & Fats,27668.0,161,10500.0,163.50476190476192,LBN,84.864333047204,5561.19166950397
Lebanon,2020,Other,15900.0,699,17200.0,-7.55813953488372,LBN,84.864333047204,5561.19166950397
Lebanon,2020,Proteins,5865.5,500,2599.0,125.68295498268564,LBN,84.864333047204,5561.19166950397
Lebanon,2020,Pulses & Legumes,4968.0,378,2392.0,107.6923076923077,LBN,84.864333047204,5561.19166950397
Lebanon,2021,Dairy,20628.0,316,2250.0,816.8,LBN,154.756096023393,4045.37391066234
Lebanon,2021,Oils & Fats,132826.56,185,10500.0,1165.0148571428572,LBN,154.756096023393,4045.37391066234
Lebanon,2021,Other,24100.0,1159,17200.0,40.116279069767444,LBN,154.756096023393,4045.37391066234
Lebanon,2021,Proteins,15578.0,635,2599.0,499.38437860715663,LBN,154.756096023393,4045.37391066234
Lebanon,2021,Pulses & Legumes,19816.0,722,2392.0,728.428093645485,LBN,154.756096023393,4045.37391066234
Lebanon,2022,Dairy,127444.0,357,2250.0,5564.177777777778,LBN,171.205491336641,3654.35845534878
Lebanon,2022,Oils & Fats,410173.5,196,10500.0,3806.4142857142856,LBN,171.205491336641,3654.35845534878
Lebanon,2022,Other,33068.0,1465,17200.0,92.25581395348837,LBN,171.205491336641,3654.35845534878
Lebanon,2022,Proteins,31774.5,766,2599.0,1122.5663716814158,LBN,171.205491336641,3654.35845534878
Lebanon,2022,Pulses & Legumes,49400.0,825,2392.0,1965.2173913043478,LBN,171.205491336641,3654.35845534878
Lebanon,2023,Dairy,487495.805,128,2250.0,21566.48022222222,LBN,221.341644023365,3477.72489842684
Lebanon,2023,Oils & Fats,769731.0,125,10500.0,7230.771428571428,LBN,221.341644023365,3477.72489842684
Lebanon,2023,Other,153005.31,1348,17200.0,789.5657558139535,LBN,221.341644023365,3477.72489842684
Lebanon,2023,Proteins,91950.0,228,2599.0,3437.8991919969217,LBN,221.341644023365,3477.72489842684
Lebanon,2023,Pulses & Legumes,135278.43,390,2392.0,5555.452759197324,LBN,221.341644023365,3477.72489842684
Lebanon,2024,Dairy,534908.64,59,2250.0,23673.717333333334,LBN,45.2430422716718,
Lebanon,2024,Oils & Fats,677140.1799999999,62,10500.0,6348.954095238095,LBN,45.2430422716718,
Lebanon,2024,Other,93878.66,500,17200.0,445.80616279069767,LBN,45.2430422716718,
Lebanon,2024,Proteins,73471.91500000001,124,2599.0,2726.9301654482497,LBN,45.2430422716718,
Lebanon,2024,Pulses & Legumes,169011.0,205,2392.0,6965.677257525084,LBN,45.2430422716718,
Lebanon,2025,Dairy,530770.93,35,2250.0,23489.819111111115,,,
Lebanon,2025,Oils & Fats,833252.23,41,10500.0,7835.735523809524,,,
Lebanon,2025,Other,89717.63500000001,212,17200.0,421.61415697674425,,,
Lebanon,2025,Proteins,77048.59,75,2599.0,2864.54751827626,,,
Lebanon,2025,Pulses & Legumes,177805.82,119,2392.0,7333.353678929767,,,
Lesotho,2019,Cereals & Grains,64.715,258,64.715,0.0,LSO,5.18708359197979,1082.05706777516
Lesotho,2019,Oils & Fats,18.92,80,18.92,0.0,LSO,5.18708359197979,1082.05706777516
Lesotho,2019,Pulses & Legumes,11.955,160,11.955,0.0,LSO,5.18708359197979,1082.05706777516
Lesotho,2020,Cereals & Grains,73.86,259,64.715,14.131190604960203,LSO,4.97809676252311,918.582577421982
Lesotho,2020,Oils & Fats,20.82,83,18.92,10.042283298097242,LSO,4.97809676252311,918.582577421982
Lesotho,2020,Pulses & Legumes,12.42,151,11.955,3.8895859473023826,LSO,4.97809676252311,918.582577421982
Lesotho,2021,Cereals & Grains,81.06,263,64.715,25.25689561925365,LSO,6.04774591950677,1066.58643600093
Lesotho,2021,Oils & Fats,25.494999999999997,70,18.92,34.75158562367862,LSO,6.04774591950677,1066.58643600093
Lesotho,2021,Pulses & Legumes,14.64,155,11.955,22.45922208281054,LSO,6.04774591950677,1066.58643600093
Lesotho,2022,Cereals & Grains,84.45500000000001,222,64.715,30.50297458085453,LSO,8.27180389943026,1030.12579628833
Lesotho,2022,Oils & Fats,39.74,73,18.92,110.04228329809725,LSO,8.27180389943026,1030.12579628833
Lesotho,2022,Pulses & Legumes,16.745,164,11.955,40.06691760769554,LSO,8.27180389943026,1030.12579628833
Lesotho,2023,Cereals & Grains,99.39,235,64.715,53.581086301475686,LSO,6.3422174312495,916.282970463888
Lesotho,2023,Oils & Fats,36.375,78,18.92,92.25687103594079,LSO,6.3422174312495,916.282970463888
Lesotho,2023,Pulses & Legumes,17.28,167,11.955,44.542032622333764,LSO,6.3422174312495,916.282970463888
Lesotho,2024,Cereals & Grains,104.53,244,64.715,61.52360349223518,LSO,6.10544624245031,971.814620468788
Lesotho,2024,Oils & Fats,33.33,89,18.92,76.1627906976744,LSO,6.10544624245031,971.814620468788
Lesotho,2024,Pulses & Legumes,21.36,165,11.955,78.67001254705144,LSO,6.10544624245031,971.814620468788
Lesotho,2025,Cereals & Grains,117.33,175,64.715,81.30263462875685,,,
Lesotho,2025,Oils & Fats,34.54,61,18.92,82.55813953488371,,,
Lesotho,2025,Pulses & Legumes,23.45,119,11.955,96.15223755750732,,,
Liberia,2019,Cereals & Grains,6000.0,193,6000.0,0.0,LBR,26.9662760197878,658.164180770507
Liberia,2019,Oils & Fats,725.0,121,725.0,0.0,LBR,26.9662760197878,658.164180770507
Liberia,2019,Other,745.0,490,745.0,0.0,LBR,26.9662760197878,658.164180770507
Liberia,2019,Pulses & Legumes,148.0,112,148.0,0.0,LBR,26.9662760197878,658.164180770507
Liberia,2020,Cereals & Grains,6100.0,207,6000.0,1.6666666666666667,LBR,16.9557241496254,616.787867006715
Liberia,2020,Oils & Fats,750.0,96,725.0,3.4482758620689653,LBR,16.9557241496254,616.787867006715
Liberia,2020,Other,650.0,954,745.0,-12.751677852348994,LBR,16.9557241496254,616.787867006715
Liberia,2020,Pulses & Legumes,150.0,91,148.0,1.3513513513513513,LBR,16.9557241496254,616.787867006715
Liberia,2023,Cereals & Grains,3325.0,187,6000.0,-44.583333333333336,LBR,10.0944535665552,799.194470229642
Liberia,2023,Oils & Fats,850.0,171,725.0,17.24137931034483,LBR,10.0944535665552,799.194470229642
Liberia,2023,Other,800.0,1050,745.0,7.38255033557047,LBR,10.0944535665552,799.194470229642
Liberia,2023,Pulses & Legumes,260.0,168,148.0,75.67567567567568,LBR,10.0944535665552,799.194470229642
Liberia,2024,Cereals & Grains,3594.0,156,6000.0,-40.1,LBR,8.21497439118963,846.277368387389
Liberia,2024,Oils & Fats,842.0,134,725.0,16.137931034482758,LBR,8.21497439118963,846.277368387389
Liberia,2024,Other,904.0,939,745.0,21.34228187919463,LBR,8.21497439118963,846.277368387389
Liberia,2024,Pulses & Legumes,229.0,135,148.0,54.729729729729726,LBR,8.21497439118963,846.277368387389
Liberia,2025,Cereals & Grains,3585.5,106,6000.0,-40.24166666666667,,,
Liberia,2025,Oils & Fats,1050.0,111,725.0,44.827586206896555,,,
Liberia,2025,Other,814.5,702,745.0,9.328859060402685,,,
Liberia,2025,Pulses & Legumes,250.0,103,148.0,68.91891891891892,,,
Libya,2019,Cereals & Grains,2.31,769,2.31,0.0,LBY,-2.16217883470595,9963.19489084483
Libya,2019,Dairy,2.87,529,2.87,0.0,LBY,-2.16217883470595,9963.19489084483
Libya,2019,Other,3.3,4441,3.3,0.0,LBY,-2.16217883470595,9963.19489084483
Libya,2019,Proteins,9.75,1039,9.75,0.0,LBY,-2.16217883470595,9963.19489084483
Libya,2019,Pulses & Legumes,2.0,542,2.0,0.0,LBY,-2.16217883470595,9963.19489084483
Libya,2019,Sugar & Sweeteners,2.34,286,2.34,0.0,LBY,-2.16217883470595,9963.19489084483
Libya,2019,Vegetables,2.8,1280,2.8,0.0,LBY,-2.16217883470595,9963.19489084483
Libya,2020,Cereals & Grains,2.5,849,2.31,8.225108225108222,LBY,1.44703656998739,6650.33810585348
Libya,2020,Dairy,3.0,521,2.87,4.529616724738672,LBY,1.44703656998739,6650.33810585348
Libya,2020,Other,3.19,2932,3.3,-3.33333333333333,LBY,1.44703656998739,6650.33810585348
Libya,2020,Proteins,10.5,1158,9.75,7.6923076923076925,LBY,1.44703656998739,6650.33810585348
Libya,2020,Pulses & Legumes,2.0,584,2.0,0.0,LBY,1.44703656998739,6650.33810585348
Libya,2020,Sugar & Sweeteners,2.63,279,2.34,12.393162393162395,LBY,1.44703656998739,6650.33810585348
Libya,2020,Vegetables,3.0,1405,2.8,7.1428571428571495,LBY,1.44703656998739,6650.33810585348
Libya,2021,Cereals & Grains,2.63,828,2.31,13.852813852813844,LBY,2.86833027751023,4935.82787349801
Libya,2021,Dairy,3.5,574,2.87,21.951219512195117,LBY,2.86833027751023,4935.82787349801
Libya,2021,Other,3.0,2059,3.3,-9.090909090909086,LBY,2.86833027751023,4935.82787349801
Libya,2021,Proteins,13.0,1148,9.75,33.33333333333333,LBY,2.86833027751023,4935.82787349801
Libya,2021,Pulses & Legumes,2.5,595,2.0,25.0,LBY,2.86833027751023,4935.82787349801
Libya,2021,Sugar & Sweeteners,3.0,299,2.34,28.20512820512821,LBY,2.86833027751023,4935.82787349801
Libya,2021,Vegetables,2.75,1453,2.8,-1.7857142857142794,LBY,2.86833027751023,4935.82787349801
Libya,2022,Cereals & Grains,3.5,716,2.31,51.515151515151516,LBY,4.51030149235701,5986.63694851258
Libya,2022,Dairy,3.75,488,2.87,30.66202090592334,LBY,4.51030149235701,5986.63694851258
Libya,2022,Other,3.0,1294,3.3,-9.090909090909086,LBY,4.51030149235701,5986.63694851258
Libya,2022,Proteins,13.0,1008,9.75,33.33333333333333,LBY,4.51030149235701,5986.63694851258
Libya,2022,Pulses & Legumes,2.63,521,2.0,31.499999999999993,LBY,4.51030149235701,5986.63694851258
Libya,2022,Sugar & Sweeteners,4.0,241,2.34,70.94017094017096,LBY,4.51030149235701,5986.63694851258
Libya,2022,Vegetables,3.5,1226,2.8,25.000000000000007,LBY,4.51030149235701,5986.63694851258
Libya,2023,Cereals & Grains,3.13,231,2.31,35.49783549783549,LBY,2.37317531435169,6172.81246940233
Libya,2023,Dairy,3.94,165,2.87,37.28222996515679,LBY,2.37317531435169,6172.81246940233
Libya,2023,Other,4.25,505,3.3,28.787878787878796,LBY,2.37317531435169,6172.81246940233
Libya,2023,Proteins,15.0,336,9.75,53.84615384615385,LBY,2.37317531435169,6172.81246940233
Libya,2023,Pulses & Legumes,2.81,165,2.0,40.5,LBY,2.37317531435169,6172.81246940233
Libya,2023,Sugar & Sweeteners,4.44,76,2.34,89.74358974358977,LBY,2.37317531435169,6172.81246940233
Libya,2023,Vegetables,3.38,391,2.8,20.71428571428572,LBY,2.37317531435169,6172.81246940233
Libya,2024,Cereals & Grains,3.44,355,2.31,48.91774891774891,LBY,2.12615766885024,6318.40314031017
Libya,2024,Dairy,3.875,236,2.87,35.01742160278745,LBY,2.12615766885024,6318.40314031017
Libya,2024,Other,4.88,757,3.3,47.87878787878788,LBY,2.12615766885024,6318.40314031017
Libya,2024,Proteins,18.5,488,9.75,89.74358974358975,LBY,2.12615766885024,6318.40314031017
Libya,2024,Pulses & Legumes,3.0,263,2.0,50.0,LBY,2.12615766885024,6318.40314031017
Libya,2024,Sugar & Sweeteners,5.275,118,2.34,125.42735042735045,LBY,2.12615766885024,6318.40314031017
Libya,2024,Vegetables,4.13,599,2.8,47.5,LBY,2.12615766885024,6318.40314031017
Libya,2025,Cereals & Grains,3.5,235,2.31,51.515151515151516,,,
Libya,2025,Dairy,4.16,158,2.87,44.947735191637626,,,
Libya,2025,Other,4.63,507,3.3,40.303030303030305,,,
Libya,2025,Proteins,18.375,314,9.75,88.46153846153845,,,
Libya,2025,Pulses & Legumes,3.38,171,2.0,69.0,,,
Libya,2025,Sugar & Sweeteners,5.0,74,2.34,113.6752136752137,,,
Libya,2025,Vegetables,4.38,401,2.8,56.42857142857144,,,
Madagascar,2019,Cereals & Grains,2200.0,262,2200.0,0.0,MDG,5.61051441492363,499.818837622534
Madagascar,2019,Sugar & Sweeteners,2600.0,137,2600.0,0.0,MDG,5.61051441492363,499.818837622534
Madagascar,2019,Vegetables,4100.0,129,4100.0,0.0,MDG,5.61051441492363,499.818837622534
Madagascar,2020,Cereals & Grains,2100.0,167,2200.0,-4.545454545454546,MDG,4.20179312190558,450.771615201509
Madagascar,2020,Vegetables,5000.0,41,4100.0,21.951219512195124,MDG,4.20179312190558,450.771615201509
Madagascar,2021,Cereals & Grains,2450.0,829,2200.0,11.363636363636363,MDG,5.81225118787713,483.469463351371
Madagascar,2021,Vegetables,7000.0,240,4100.0,70.73170731707317,MDG,5.81225118787713,483.469463351371
Madagascar,2022,Cereals & Grains,2550.78,1111,2200.0,15.944545454545464,MDG,8.16059031991847,503.514533472879
Madagascar,2022,Vegetables,9163.46,320,4100.0,123.49902439024387,MDG,8.16059031991847,503.514533472879
Madagascar,2023,Cereals & Grains,2800.0,129,2200.0,27.27272727272727,MDG,9.87432675044886,508.718427705736
Madagascar,2023,Vegetables,10000.0,46,4100.0,143.90243902439025,MDG,9.87432675044886,508.718427705736
Malawi,2019,Cereals & Grains,209.83,859,209.83,0.0,MWI,9.3708360560567,580.889816066776
Malawi,2019,Other,743.245,180,743.245,0.0,MWI,9.3708360560567,580.889816066776
Malawi,2019,Pulses & Legumes,595.69,508,595.69,0.0,MWI,9.3708360560567,580.889816066776
Malawi,2020,Cereals & Grains,300.0,744,209.83,42.97288280989371,MWI,8.62551469650552,602.507478176106
Malawi,2020,Other,100.0,2150,743.245,-86.54548634703228,MWI,8.62551469650552,602.507478176106
Malawi,2020,Pulses & Legumes,576.67,551,595.69,-3.192935923047238,MWI,8.62551469650552,602.507478176106
Malawi,2021,Cereals & Grains,200.0,1194,209.83,-4.68474479340419,MWI,9.33014410835212,617.447520802454
Malawi,2021,Other,100.0,4139,743.245,-86.54548634703228,MWI,9.33014410835212,617.447520802454
Malawi,2021,Pulses & Legumes,600.0,885,595.69,0.7235306954959702,MWI,9.33014410835212,617.447520802454
Malawi,2022,Cereals & Grains,298.75,152,209.83,42.37716246485249,MWI,20.953969729969,604.269751184515
Malawi,2022,Other,1135.0,14,743.245,52.70872996118373,MWI,20.953969729969,604.269751184515
Malawi,2022,Pulses & Legumes,1065.63,109,595.69,78.89002669173564,MWI,20.953969729969,604.269751184515
Malawi,2023,Cereals & Grains,643.75,642,209.83,206.79597769623027,MWI,28.7897428247298,602.343619809252
Malawi,2023,Pulses & Legumes,1350.0,1424,595.69,126.62794406486593,MWI,28.7897428247298,602.343619809252
Malawi,2024,Cereals & Grains,750.0,580,209.83,257.4322070247343,MWI,32.1796504225026,508.371273531708
Malawi,2024,Pulses & Legumes,2500.0,1194,595.69,319.6813778978999,MWI,32.1796504225026,508.371273531708
Malawi,2025,Cereals & Grains,1700.0,1535,209.83,710.1796692560645,,,
Malawi,2025,Other,1000.0,4241,743.245,34.54513652967729,,,
Malawi,2025,Pulses & Legumes,3000.0,1823,595.69,403.6176534774799,,,
Mali,2019,Cereals & Grains,350.0,1339,350.0,0.0,MLI,-1.65826694846365,971.949318638092
Mali,2019,Other,206.0,1416,206.0,0.0,MLI,-1.65826694846365,971.949318638092
Mali,2019,Pulses & Legumes,445.0,539,445.0,0.0,MLI,-1.65826694846365,971.949318638092
Mali,2020,Cereals & Grains,350.0,1981,350.0,0.0,MLI,0.438088940320735,953.242943290974
Mali,2020,Other,430.0,4046,206.0,108.7378640776699,MLI,0.438088940320735,953.242943290974
Mali,2020,Pulses & Legumes,400.0,698,445.0,-10.112359550561797,MLI,0.438088940320735,953.242943290974
Mali,2021,Cereals & Grains,355.0,2224,350.0,1.4285714285714286,MLI,3.9256028310427,1027.27345365357
Mali,2021,Other,500.0,4793,206.0,142.71844660194176,MLI,3.9256028310427,1027.27345365357
Mali,2021,Pulses & Legumes,500.0,764,445.0,12.359550561797752,MLI,3.9256028310427,1027.27345365357
Mali,2022,Cereals & Grains,400.0,2043,350.0,14.285714285714285,MLI,9.62147608489068,969.72220560562
Mali,2022,Other,500.0,4401,206.0,142.71844660194176,MLI,9.62147608489068,969.72220560562
Mali,2022,Pulses & Legumes,650.0,668,445.0,46.06741573033708,MLI,9.62147608489068,969.72220560562
Mali,2023,Cereals & Grains,450.0,1665,350.0,28.57142857142857,MLI,2.0588022827422,1035.86242628411
Mali,2023,Other,600.0,4222,206.0,191.2621359223301,MLI,2.0588022827422,1035.86242628411
Mali,2023,Pulses & Legumes,500.0,421,445.0,12.359550561797752,MLI,2.0588022827422,1035.86242628411
Mali,2024,Cereals & Grains,500.0,1610,350.0,42.857142857142854,MLI,3.20639864099661,1086.1762176779
Mali,2024,Other,600.0,3496,206.0,191.2621359223301,MLI,3.20639864099661,1086.1762176779
Mali,2024,Pulses & Legumes,642.5,615,445.0,44.38202247191011,MLI,3.20639864099661,1086.1762176779
Mali,2025,Cereals & Grains,500.0,1311,350.0,42.857142857142854,,,
Mali,2025,Other,540.0,2537,206.0,162.1359223300971,,,
Mali,2025,Pulses & Legumes,700.0,498,445.0,57.30337078651685,,,
Mauritania,2019,Cereals & Grains,24.0,549,24.0,0.0,MRT,2.30009262117939,1767.072710621
Mauritania,2019,Dairy,134.5,92,134.5,0.0,MRT,2.30009262117939,1767.072710621
Mauritania,2019,Other,600.0,465,600.0,0.0,MRT,2.30009262117939,1767.072710621
Mauritania,2019,Proteins,15.6,19,15.6,0.0,MRT,2.30009262117939,1767.072710621
Mauritania,2019,Pulses & Legumes,70.0,99,70.0,0.0,MRT,2.30009262117939,1767.072710621
Mauritania,2019,Sugar & Sweeteners,22.29,100,22.29,0.0,MRT,2.30009262117939,1767.072710621
Mauritania,2019,Vegetables,41.5,109,41.5,0.0,MRT,2.30009262117939,1767.072710621
Mauritania,2020,Cereals & Grains,23.19,413,24.0,-3.3749999999999947,MRT,2.38569488456317,1795.76459566714
Mauritania,2020,Dairy,151.945,54,134.5,12.97026022304832,MRT,2.38569488456317,1795.76459566714
Mauritania,2020,Other,990.0,416,600.0,65.0,MRT,2.38569488456317,1795.76459566714
Mauritania,2020,Proteins,14.9,16,15.6,-4.487179487179483,MRT,2.38569488456317,1795.76459566714
Mauritania,2020,Pulses & Legumes,68.27,73,70.0,-2.4714285714285773,MRT,2.38569488456317,1795.76459566714
Mauritania,2020,Sugar & Sweeteners,25.0,55,22.29,12.157918349035446,MRT,2.38569488456317,1795.76459566714
Mauritania,2020,Vegetables,49.835,66,41.5,20.084337349397593,MRT,2.38569488456317,1795.76459566714
Mauritania,2021,Cereals & Grains,25.0,406,24.0,4.166666666666666,MRT,3.5651648465019,1947.78918383313
Mauritania,2021,Dairy,155.19,60,134.5,15.382899628252785,MRT,3.5651648465019,1947.78918383313
Mauritania,2021,Other,923.46,443,600.0,53.910000000000004,MRT,3.5651648465019,1947.78918383313
Mauritania,2021,Pulses & Legumes,67.28,69,70.0,-3.885714285714284,MRT,3.5651648465019,1947.78918383313
Mauritania,2021,Sugar & Sweeteners,27.784999999999997,58,22.29,24.65231045311798,MRT,3.5651648465019,1947.78918383313
Mauritania,2021,Vegetables,65.0,69,41.5,56.62650602409639,MRT,3.5651648465019,1947.78918383313
Mauritania,2022,Cereals & Grains,30.0,389,24.0,25.0,MRT,9.52526628622842,1960.35240077424
Mauritania,2022,Dairy,177.78,55,134.5,32.17843866171004,MRT,9.52526628622842,1960.35240077424
Mauritania,2022,Other,961.665,386,600.0,60.277499999999996,MRT,9.52526628622842,1960.35240077424
Mauritania,2022,Pulses & Legumes,85.58,59,70.0,22.257142857142856,MRT,9.52526628622842,1960.35240077424
Mauritania,2022,Sugar & Sweeteners,38.53,44,22.29,72.85778375953343,MRT,9.52526628622842,1960.35240077424
Mauritania,2022,Vegetables,83.75,55,41.5,101.80722891566265,MRT,9.52526628622842,1960.35240077424
Mauritania,2023,Cereals & Grains,30.0,386,24.0,25.0,MRT,4.95305034506869,2120.82318421747
Mauritania,2023,Dairy,188.71,59,134.5,40.30483271375465,MRT,4.95305034506869,2120.82318421747
Mauritania,2023,Other,990.0,414,600.0,65.0,MRT,4.95305034506869,2120.82318421747
Mauritania,2023,Pulses & Legumes,81.97,59,70.0,17.099999999999998,MRT,4.95305034506869,2120.82318421747
Mauritania,2023,Sugar & Sweeteners,37.58,53,22.29,68.59578286227007,MRT,4.95305034506869,2120.82318421747
Mauritania,2023,Vegetables,67.37,59,41.5,62.33734939759037,MRT,4.95305034506869,2120.82318421747
Mauritania,2024,Cereals & Grains,30.0,398,24.0,25.0,MRT,2.49164347481971,2082.78374423714
Mauritania,2024,Dairy,166.67,66,134.5,23.91821561338289,MRT,2.49164347481971,2082.78374423714
Mauritania,2024,Other,990.0,408,600.0,65.0,MRT,2.49164347481971,2082.78374423714
Mauritania,2024,Proteins,188.33499999999998,12,15.6,1107.275641025641,MRT,2.49164347481971,2082.78374423714
Mauritania,2024,Pulses & Legumes,95.58,66,70.0,36.54285714285714,MRT,2.49164347481971,2082.78374423714
Mauritania,2024,Sugar & Sweeteners,40.0,59,22.29,79.45266935845672,MRT,2.49164347481971,2082.78374423714
Mauritania,2024,Vegetables,60.0,70,41.5,44.57831325301205,MRT,2.49164347481971,2082.78374423714
Mauritania,2025,Cereals & Grains,30.64,485,24.0,27.666666666666668,,,
Mauritania,2025,Dairy,78.33,177,134.5,-41.762081784386616,,,
Mauritania,2025,Other,96.89,990,600.0,-83.85166666666667,,,
Mauritania,2025,Proteins,180.0,427,15.6,1053.8461538461538,,,
Mauritania,2025,Pulses & Legumes,90.0,85,70.0,28.57142857142857,,,
Mauritania,2025,Sugar & Sweeteners,38.61,83,22.29,73.21668909825034,,,
Mauritania,2025,Vegetables,46.545,228,41.5,12.1566265060241,,,
Mexico,2019,Cereals & Grains,6.0,61,6.0,0.0,MEX,3.63596142127045,10369.5553585271
Mexico,2019,Other,12.9,11,12.9,0.0,MEX,3.63596142127045,10369.5553585271
Mexico,2019,Pulses & Legumes,20.189999999999998,62,20.189999999999998,0.0,MEX,3.63596142127045,10369.5553585271
Mexico,2020,Cereals & Grains,7.0,38,6.0,16.666666666666664,MEX,3.39683415570006,8841.2707511328
Mexico,2020,Other,13.74,10,12.9,6.511627906976742,MEX,3.39683415570006,8841.2707511328
Mexico,2020,Pulses & Legumes,24.88,59,20.189999999999998,23.229321446260535,MEX,3.39683415570006,8841.2707511328
Mexico,2021,Cereals & Grains,8.15,42,6.0,35.83333333333334,MEX,5.68920847683757,10314.0506725979
Mexico,2021,Other,15.594999999999999,10,12.9,20.891472868217043,MEX,5.68920847683757,10314.0506725979
Mexico,2021,Pulses & Legumes,25.9,66,20.189999999999998,28.281327389796935,MEX,5.68920847683757,10314.0506725979
Mexico,2022,Cereals & Grains,11.2,26,6.0,86.66666666666666,MEX,7.89627619168551,11402.1410374782
Mexico,2022,Other,18.6,5,12.9,44.186046511627914,MEX,7.89627619168551,11402.1410374782
Mexico,2022,Pulses & Legumes,24.0,28,20.189999999999998,18.870728083209524,MEX,7.89627619168551,11402.1410374782
Mongolia,2019,Cereals & Grains,1333.0,48,1333.0,0.0,MNG,7.30106953550727,4347.54610314873
Mongolia,2019,Dairy,1816.0,41,1816.0,0.0,MNG,7.30106953550727,4347.54610314873
Mongolia,2019,Proteins,8000.0,57,8000.0,0.0,MNG,7.30106953550727,4347.54610314873
Mongolia,2019,Vegetables,1032.0,47,1032.0,0.0,MNG,7.30106953550727,4347.54610314873
Mongolia,2020,Cereals & Grains,1391.5,56,1333.0,4.388597149287322,MNG,3.7237230614026,4001.25193077703
Mongolia,2020,Dairy,1701.5,50,1816.0,-6.3050660792951545,MNG,3.7237230614026,4001.25193077703
Mongolia,2020,Proteins,8590.0,73,8000.0,7.375,MNG,3.7237230614026,4001.25193077703
Mongolia,2020,Vegetables,1070.0,49,1032.0,3.6821705426356592,MNG,3.7237230614026,4001.25193077703
Mongolia,2021,Cereals & Grains,1446.0,51,1333.0,8.477119279819954,MNG,7.35894657888157,4517.61578018785
Mongolia,2021,Dairy,2208.0,45,1816.0,21.58590308370044,MNG,7.35894657888157,4517.61578018785
Mongolia,2021,Proteins,10456.0,63,8000.0,30.7,MNG,7.35894657888157,4517.61578018785
Mongolia,2021,Vegetables,1100.0,52,1032.0,6.5891472868217065,MNG,7.35894657888157,4517.61578018785
Mongolia,2022,Cereals & Grains,1509.0,25,1333.0,13.203300825206302,MNG,15.1509728200805,4993.51487463495
Mongolia,2022,Dairy,2842.0,17,1816.0,56.497797356828194,MNG,15.1509728200805,4993.51487463495
Mongolia,2022,Proteins,10294.0,26,8000.0,28.675,MNG,15.1509728200805,4993.51487463495
Mongolia,2022,Vegetables,1193.0,19,1032.0,15.60077519379845,MNG,15.1509728200805,4993.51487463495
Mozambique,2019,Cereals & Grains,42.75,1038,42.75,0.0,MOZ,2.80270307928108,519.09255091362
Mozambique,2019,Oils & Fats,73.75,160,73.75,0.0,MOZ,2.80270307928108,519.09255091362
Mozambique,2019,Other,70.0,260,70.0,0.0,MOZ,2.80270307928108,519.09255091362
Mozambique,2019,Pulses & Legumes,67.235,418,67.235,0.0,MOZ,2.80270307928108,519.09255091362
Mozambique,2019,Sugar & Sweeteners,65.0,182,65.0,0.0,MOZ,2.80270307928108,519.09255091362
Mozambique,2019,Vegetables,70.0,178,70.0,0.0,MOZ,2.80270307928108,519.09255091362
Mozambique,2020,Cereals & Grains,45.0,1339,42.75,5.263157894736842,MOZ,3.48393567493207,462.433876479921
Mozambique,2020,Oils & Fats,92.38,232,73.75,25.261016949152538,MOZ,3.48393567493207,462.433876479921
Mozambique,2020,Other,102.13,411,70.0,45.89999999999999,MOZ,3.48393567493207,462.433876479921
Mozambique,2020,Pulses & Legumes,79.095,520,67.235,17.639622220569642,MOZ,3.48393567493207,462.433876479921
Mozambique,2020,Sugar & Sweeteners,70.0,240,65.0,7.6923076923076925,MOZ,3.48393567493207,462.433876479921
Mozambique,2020,Vegetables,100.91499999999999,296,70.0,44.1642857142857,MOZ,3.48393567493207,462.433876479921
Mozambique,2021,Cereals & Grains,60.0,1461,42.75,40.35087719298245,MOZ,6.40847652975689,509.907829475551
Mozambique,2021,Oils & Fats,100.0,437,73.75,35.59322033898305,MOZ,6.40847652975689,509.907829475551
Mozambique,2021,Other,60.0,2598,70.0,-14.285714285714285,MOZ,6.40847652975689,509.907829475551
Mozambique,2021,Pulses & Legumes,80.0,641,67.235,18.98564735628765,MOZ,6.40847652975689,509.907829475551
Mozambique,2021,Sugar & Sweeteners,70.0,479,65.0,7.6923076923076925,MOZ,6.40847652975689,509.907829475551
Mozambique,2021,Vegetables,76.67,1838,70.0,9.52857142857143,MOZ,6.40847652975689,509.907829475551
Mozambique,2022,Cereals & Grains,60.0,1027,42.75,40.35087719298245,MOZ,10.2794018093421,578.251663751351
Mozambique,2022,Oils & Fats,100.0,303,73.75,35.59322033898305,MOZ,10.2794018093421,578.251663751351
Mozambique,2022,Other,63.33,1680,70.0,-9.52857142857143,MOZ,10.2794018093421,578.251663751351
Mozambique,2022,Pulses & Legumes,77.91499999999999,478,67.235,15.88458392206439,MOZ,10.2794018093421,578.251663751351
Mozambique,2022,Sugar & Sweeteners,75.0,355,65.0,15.384615384615385,MOZ,10.2794018093421,578.251663751351
Mozambique,2022,Vegetables,85.0,1137,70.0,21.428571428571427,MOZ,10.2794018093421,578.251663751351
Mozambique,2023,Cereals & Grains,57.22,543,42.75,33.847953216374265,MOZ,7.12697482131851,622.985619320596
Mozambique,2023,Oils & Fats,100.0,152,73.75,35.59322033898305,MOZ,7.12697482131851,622.985619320596
Mozambique,2023,Other,80.0,553,70.0,14.285714285714285,MOZ,7.12697482131851,622.985619320596
Mozambique,2023,Pulses & Legumes,85.015,286,67.235,26.44456012493493,MOZ,7.12697482131851,622.985619320596
Mozambique,2023,Sugar & Sweeteners,77.0,167,65.0,18.461538461538463,MOZ,7.12697482131851,622.985619320596
Mozambique,2023,Vegetables,100.0,394,70.0,42.857142857142854,MOZ,7.12697482131851,622.985619320596
Mozambique,2024,Cereals & Grains,1250.0,225,42.75,2823.9766081871344,MOZ,4.07856834812022,647.28579950207
Mozambique,2024,Oils & Fats,100.0,88,73.75,35.59322033898305,MOZ,4.07856834812022,647.28579950207
Mozambique,2024,Other,50.0,564,70.0,-28.57142857142857,MOZ,4.07856834812022,647.28579950207
Mozambique,2024,Pulses & Legumes,70.0,93,67.235,4.112441436751692,MOZ,4.07856834812022,647.28579950207
Mozambique,2024,Sugar & Sweeteners,90.0,108,65.0,38.46153846153847,MOZ,4.07856834812022,647.28579950207
Mozambique,2024,Vegetables,90.0,475,70.0,28.57142857142857,MOZ,4.07856834812022,647.28579950207
Mozambique,2025,Cereals & Grains,1400.0,116,42.75,3174.8538011695905,,,
Mozambique,2025,Oils & Fats,120.0,60,73.75,62.71186440677966,,,
Mozambique,2025,Other,57.0,361,70.0,-18.571428571428573,,,
Mozambique,2025,Pulses & Legumes,70.0,63,67.235,4.112441436751692,,,
Mozambique,2025,Sugar & Sweeteners,90.0,70,65.0,38.46153846153847,,,
Mozambique,2025,Vegetables,70.10499999999999,332,70.0,0.1499999999999854,,,
Myanmar,2019,Cereals & Grains,704.89,98,704.89,0.0,MMR,8.82506696804562,1425.98954211903
Myanmar,2019,Oils & Fats,1836.0,98,1836.0,0.0,MMR,8.82506696804562,1425.98954211903
Myanmar,2019,Other,1070.0,285,1070.0,0.0,MMR,8.82506696804562,1425.98954211903
Myanmar,2019,Pulses & Legumes,1634.32,102,1634.32,0.0,MMR,8.82506696804562,1425.98954211903
Myanmar,2020,Cereals & Grains,592.9549999999999,500,704.89,-15.87978266112444,MMR,,1490.21683548367
Myanmar,2020,Oils & Fats,1713.59,502,1836.0,-6.667211328976038,MMR,,1490.21683548367
Myanmar,2020,Other,337.0,585,1070.0,-68.50467289719626,MMR,,1490.21683548367
Myanmar,2020,Pulses & Legumes,1573.5,536,1634.32,-3.721425424641437,MMR,,1490.21683548367
Myanmar,2021,Cereals & Grains,657.89,656,704.89,-6.667707018116302,MMR,,1242.72134419599
Myanmar,2021,Oils & Fats,2692.78,628,1836.0,46.66557734204794,MMR,,1242.72134419599
Myanmar,2021,Other,306.0,669,1070.0,-71.40186915887851,MMR,,1242.72134419599
Myanmar,2021,Pulses & Legumes,1856.1950000000002,604,1634.32,13.575982671692216,MMR,,1242.72134419599
Myanmar,2022,Cereals & Grains,881.0,762,704.89,24.984040062988555,MMR,,1158.05005034332
Myanmar,2022,Oils & Fats,4666.0,645,1836.0,154.13943355119827,MMR,,1158.05005034332
Myanmar,2022,Other,414.5,774,1070.0,-61.26168224299066,MMR,,1158.05005034332
Myanmar,2022,Pulses & Legumes,2472.0,730,1634.32,51.25556806500563,MMR,,1158.05005034332
Myanmar,2023,Cereals & Grains,1597.87,886,704.89,126.68359602207435,MMR,,1233.19666209269
Myanmar,2023,Oils & Fats,5500.0,593,1836.0,199.56427015250543,MMR,,1233.19666209269
Myanmar,2023,Other,591.8,884,1070.0,-44.69158878504673,MMR,,1233.19666209269
Myanmar,2023,Pulses & Legumes,3978.0,828,1634.32,143.40398453179307,MMR,,1233.19666209269
Myanmar,2024,Cereals & Grains,2148.0,780,704.89,204.72839733859186,MMR,,1359.25961394135
Myanmar,2024,Oils & Fats,9180.0,449,1836.0,400.0,MMR,,1359.25961394135
Myanmar,2024,Other,918.0,778,1070.0,-14.205607476635516,MMR,,1359.25961394135
Myanmar,2024,Pulses & Legumes,5333.0,700,1634.32,226.313084340888,MMR,,1359.25961394135
Myanmar,2025,Cereals & Grains,2114.83,404,704.89,200.02269857708293,,,
Myanmar,2025,Oils & Fats,8000.0,275,1836.0,335.7298474945534,,,
Myanmar,2025,Other,1224.0,406,1070.0,14.392523364485982,,,
Myanmar,2025,Pulses & Legumes,5107.0,395,1634.32,212.4847031181164,,,
Namibia,2019,Cereals & Grains,10.69,537,10.69,0.0,NAM,3.72239414422697,4731.9210318831
Namibia,2019,Other,16.25,75,16.25,0.0,NAM,3.72239414422697,4731.9210318831
Namibia,2020,Cereals & Grains,11.5,588,10.69,7.577174929840978,NAM,2.20938236933471,3878.58982993966
Namibia,2020,Other,18.33,81,16.25,12.79999999999999,NAM,2.20938236933471,3878.58982993966
Namibia,2021,Cereals & Grains,11.78,588,10.69,10.196445275958839,NAM,3.61690530108811,4412.8355693052
Namibia,2021,Other,19.16,84,16.25,17.907692307692308,NAM,3.61690530108811,4412.8355693052
Namibia,2022,Cereals & Grains,12.3,245,10.69,15.060804490177748,NAM,6.08128114112416,4349.79908493314
Namibia,2022,Other,17.5,35,16.25,7.6923076923076925,NAM,6.08128114112416,4349.79908493314
Nepal,2019,Cereals & Grains,50.0,943,50.0,0.0,NPL,5.56868547784929,1203.14294706401
Nepal,2019,Dairy,75.0,207,75.0,0.0,NPL,5.56868547784929,1203.14294706401
Nepal,2019,Oils & Fats,180.0,450,180.0,0.0,NPL,5.56868547784929,1203.14294706401
Nepal,2019,Other,80.0,947,80.0,0.0,NPL,5.56868547784929,1203.14294706401
Nepal,2019,Proteins,320.0,644,320.0,0.0,NPL,5.56868547784929,1203.14294706401
Nepal,2019,Pulses & Legumes,130.0,847,130.0,0.0,NPL,5.56868547784929,1203.14294706401
Nepal,2019,Vegetables,60.0,613,60.0,0.0,NPL,5.56868547784929,1203.14294706401
Nepal,2020,Cereals & Grains,55.0,863,50.0,10.0,NPL,5.05236655289212,1154.21517578318
Nepal,2020,Dairy,80.0,272,75.0,6.666666666666667,NPL,5.05236655289212,1154.21517578318
Nepal,2020,Oils & Fats,185.0,586,180.0,2.7777777777777777,NPL,5.05236655289212,1154.21517578318
Nepal,2020,Other,93.16499999999999,1196,80.0,16.45624999999999,NPL,5.05236655289212,1154.21517578318
Nepal,2020,Proteins,320.0,801,320.0,0.0,NPL,5.05236655289212,1154.21517578318
Nepal,2020,Pulses & Legumes,140.0,1016,130.0,7.6923076923076925,NPL,5.05236655289212,1154.21517578318
Nepal,2020,Vegetables,70.0,697,60.0,16.666666666666664,NPL,5.05236655289212,1154.21517578318
Nepal,2021,Cereals & Grains,55.0,838,50.0,10.0,NPL,4.14968003360264,1252.75076731986
Nepal,2021,Dairy,80.0,261,75.0,6.666666666666667,NPL,4.14968003360264,1252.75076731986
Nepal,2021,Oils & Fats,260.0,568,180.0,44.44444444444444,NPL,4.14968003360264,1252.75076731986
Nepal,2021,Other,100.0,1294,80.0,25.0,NPL,4.14968003360264,1252.75076731986
Nepal,2021,Proteins,360.0,787,320.0,12.5,NPL,4.14968003360264,1252.75076731986
Nepal,2021,Pulses & Legumes,159.0,1108,130.0,22.30769230769231,NPL,4.14968003360264,1252.75076731986
Nepal,2021,Vegetables,65.0,800,60.0,8.333333333333332,NPL,4.14968003360264,1252.75076731986
Nepal,2022,Cereals & Grains,64.0,866,50.0,28.000000000000004,NPL,7.6507917679853,1385.91066274851
Nepal,2022,Dairy,90.0,265,75.0,20.0,NPL,7.6507917679853,1385.91066274851
Nepal,2022,Oils & Fats,320.0,578,180.0,77.77777777777779,NPL,7.6507917679853,1385.91066274851
Nepal,2022,Other,120.0,1332,80.0,50.0,NPL,7.6507917679853,1385.91066274851
Nepal,2022,Proteins,370.0,808,320.0,15.625,NPL,7.6507917679853,1385.91066274851
Nepal,2022,Pulses & Legumes,165.0,1117,130.0,26.923076923076923,NPL,7.6507917679853,1385.91066274851
Nepal,2022,Vegetables,70.0,810,60.0,16.666666666666664,NPL,7.6507917679853,1385.91066274851
Nepal,2023,Cereals & Grains,78.0,875,50.0,56.00000000000001,NPL,7.11475951738199,1382.33055769304
Nepal,2023,Dairy,100.0,293,75.0,33.33333333333333,NPL,7.11475951738199,1382.33055769304
Nepal,2023,Oils & Fats,252.5,586,180.0,40.27777777777778,NPL,7.11475951738199,1382.33055769304
Nepal,2023,Other,120.0,1304,80.0,50.0,NPL,7.11475951738199,1382.33055769304
Nepal,2023,Proteins,390.0,856,320.0,21.875,NPL,7.11475951738199,1382.33055769304
Nepal,2023,Pulses & Legumes,170.0,1115,130.0,30.76923076923077,NPL,7.11475951738199,1382.33055769304
Nepal,2023,Vegetables,60.0,841,60.0,0.0,NPL,7.11475951738199,1382.33055769304
Nepal,2024,Cereals & Grains,80.0,718,50.0,60.0,NPL,,1447.31004458428
Nepal,2024,Dairy,100.0,241,75.0,33.33333333333333,NPL,,1447.31004458428
Nepal,2024,Oils & Fats,230.0,482,180.0,27.77777777777778,NPL,,1447.31004458428
Nepal,2024,Other,120.0,1112,80.0,50.0,NPL,,1447.31004458428
Nepal,2024,Proteins,400.0,681,320.0,25.0,NPL,,1447.31004458428
Nepal,2024,Pulses & Legumes,190.0,924,130.0,46.15384615384615,NPL,,1447.31004458428
Nepal,2024,Vegetables,70.0,705,60.0,16.666666666666664,NPL,,1447.31004458428
Nepal,2025,Cereals & Grains,80.0,648,50.0,60.0,,,
Nepal,2025,Dairy,100.0,216,75.0,33.33333333333333,,,
Nepal,2025,Oils & Fats,260.0,432,180.0,44.44444444444444,,,
Nepal,2025,Other,120.0,991,80.0,50.0,,,
Nepal,2025,Proteins,370.0,621,320.0,15.625,,,
Nepal,2025,Pulses & Legumes,200.0,830,130.0,53.84615384615385,,,
Nepal,2025,Vegetables,60.0,630,60.0,0.0,,,
Nicaragua,2019,Cereals & Grains,0.78,123,0.78,0.0,NIC,5.37628990844127,1958.62051528095
Nicaragua,2019,Dairy,2.05,25,2.05,0.0,NIC,5.37628990844127,1958.62051528095
Nicaragua,2019,Other,0.27,168,0.27,0.0,NIC,5.37628990844127,1958.62051528095
Nicaragua,2019,Proteins,2.33,79,2.33,0.0,NIC,5.37628990844127,1958.62051528095
Nicaragua,2019,Pulses & Legumes,0.63,49,0.63,0.0,NIC,5.37628990844127,1958.62051528095
Nicaragua,2019,Sugar & Sweeteners,0.545,50,0.545,0.0,NIC,5.37628990844127,1958.62051528095
Nicaragua,2019,Vegetables,0.595,100,0.595,0.0,NIC,5.37628990844127,1958.62051528095
Nicaragua,2020,Cereals & Grains,518.9300000000001,84,0.78,66429.48717948719,NIC,3.68181341625574,1938.44704754382
Nicaragua,2020,Dairy,2.12,12,2.05,3.4146341463414775,NIC,3.68181341625574,1938.44704754382
Nicaragua,2020,Other,0.255,60,0.27,-5.55555555555556,NIC,3.68181341625574,1938.44704754382
Nicaragua,2020,Proteins,2.21,48,2.33,-5.150214592274683,NIC,3.68181341625574,1938.44704754382
Nicaragua,2020,Pulses & Legumes,1370.9,36,0.63,217503.17460317462,NIC,3.68181341625574,1938.44704754382
Nicaragua,2020,Sugar & Sweeteners,0.595,24,0.545,9.17431192660549,NIC,3.68181341625574,1938.44704754382
Nicaragua,2020,Vegetables,0.7,48,0.595,17.64705882352941,NIC,3.68181341625574,1938.44704754382
Nicaragua,2021,Cereals & Grains,657.53,84,0.78,84198.71794871794,NIC,4.92841396948965,2138.38588469449
Nicaragua,2021,Dairy,2.205,12,2.05,7.56097560975611,NIC,4.92841396948965,2138.38588469449
Nicaragua,2021,Other,0.27,60,0.27,0.0,NIC,4.92841396948965,2138.38588469449
Nicaragua,2021,Proteins,2.3600000000000003,48,2.33,1.28755364806868,NIC,4.92841396948965,2138.38588469449
Nicaragua,2021,Pulses & Legumes,1495.145,36,0.63,237224.60317460314,NIC,4.92841396948965,2138.38588469449
Nicaragua,2021,Sugar & Sweeteners,0.585,24,0.545,7.339449541284389,NIC,4.92841396948965,2138.38588469449
Nicaragua,2021,Vegetables,0.7549999999999999,48,0.595,26.890756302520995,NIC,4.92841396948965,2138.38588469449
Nicaragua,2022,Cereals & Grains,0.825,60,0.78,5.769230769230759,NIC,10.4674244465991,2322.89053964583
Nicaragua,2022,Dairy,2.74,12,2.05,33.65853658536588,NIC,10.4674244465991,2322.89053964583
Nicaragua,2022,Other,0.29,54,0.27,7.407407407407393,NIC,10.4674244465991,2322.89053964583
Nicaragua,2022,Proteins,2.41,56,2.33,3.433476394849788,NIC,10.4674244465991,2322.89053964583
Nicaragua,2022,Pulses & Legumes,908.02,24,0.63,144030.15873015873,NIC,10.4674244465991,2322.89053964583
Nicaragua,2022,Sugar & Sweeteners,0.69,24,0.545,26.60550458715594,NIC,10.4674244465991,2322.89053964583
Nicaragua,2022,Vegetables,1.0150000000000001,48,0.595,70.58823529411768,NIC,10.4674244465991,2322.89053964583
Nicaragua,2023,Cereals & Grains,0.71,36,0.78,-8.974358974358982,NIC,8.38765854872534,2609.44492072931
Nicaragua,2023,Dairy,3.5549999999999997,12,2.05,73.41463414634146,NIC,8.38765854872534,2609.44492072931
Nicaragua,2023,Other,0.28500000000000003,48,0.27,5.55555555555556,NIC,8.38765854872534,2609.44492072931
Nicaragua,2023,Proteins,2.45,60,2.33,5.150214592274683,NIC,8.38765854872534,2609.44492072931
Nicaragua,2023,Pulses & Legumes,0.985,12,0.63,56.34920634920635,NIC,8.38765854872534,2609.44492072931
Nicaragua,2023,Sugar & Sweeteners,0.73,24,0.545,33.94495412844035,NIC,8.38765854872534,2609.44492072931
Nicaragua,2023,Vegetables,1.0,48,0.595,68.0672268907563,NIC,8.38765854872534,2609.44492072931
Nicaragua,2024,Cereals & Grains,0.64,33,0.78,-17.94871794871795,NIC,4.62473841057143,2847.53966339498
Nicaragua,2024,Dairy,3.66,11,2.05,78.53658536585368,NIC,4.62473841057143,2847.53966339498
Nicaragua,2024,Other,0.38,44,0.27,40.74074074074073,NIC,4.62473841057143,2847.53966339498
Nicaragua,2024,Proteins,2.45,55,2.33,5.150214592274683,NIC,4.62473841057143,2847.53966339498
Nicaragua,2024,Pulses & Legumes,0.95,11,0.63,50.79365079365079,NIC,4.62473841057143,2847.53966339498
Nicaragua,2024,Sugar & Sweeteners,0.7849999999999999,22,0.545,44.0366972477064,NIC,4.62473841057143,2847.53966339498
Nicaragua,2024,Vegetables,1.1749999999999998,44,0.595,97.47899159663864,NIC,4.62473841057143,2847.53966339498
Niger,2019,Cereals & Grains,400.0,1535,400.0,0.0,NER,-2.48979265070854,561.691304349698
Niger,2019,Other,198.0,1593,198.0,0.0,NER,-2.48979265070854,561.691304349698
Niger,2020,Cereals & Grains,407.0,1443,400.0,1.7500000000000002,NER,2.89819376026277,579.512495758236
Niger,2020,Other,237.0,1431,198.0,19.696969696969695,NER,2.89819376026277,579.512495758236
Niger,2021,Cereals & Grains,423.0,1373,400.0,5.75,NER,3.83786802840501,608.722439593808
Niger,2021,Other,270.0,1353,198.0,36.36363636363637,NER,3.83786802840501,608.722439593808
Niger,2022,Cereals & Grains,428.0,1277,400.0,7.000000000000001,NER,4.22621791916397,609.745147661683
Niger,2022,Other,293.0,1249,198.0,47.97979797979798,NER,4.22621791916397,609.745147661683
Niger,2023,Cereals & Grains,450.0,1213,400.0,12.5,NER,3.70097316425831,638.336080723299
Niger,2023,Other,285.0,1154,198.0,43.93939393939394,NER,3.70097316425831,638.336080723299
Niger,2024,Cereals & Grains,577.0,1361,400.0,44.25,NER,9.07151997725012,722.748650326257
Niger,2024,Other,330.0,1223,198.0,66.66666666666666,NER,9.07151997725012,722.748650326257
Niger,2025,Cereals & Grains,525.0,902,400.0,31.25,,,
Niger,2025,Other,294.0,974,198.0,48.484848484848484,,,
Nigeria,2019,Cereals & Grains,807.0,1875,807.0,0.0,NGA,11.3964223378115,2265.15520863056
Nigeria,2019,Dairy,1000.0,226,1000.0,0.0,NGA,11.3964223378115,2265.15520863056
Nigeria,2019,Oils & Fats,467.0,371,467.0,0.0,NGA,11.3964223378115,2265.15520863056
Nigeria,2019,Other,250.0,4000,250.0,0.0,NGA,11.3964223378115,2265.15520863056
Nigeria,2019,Proteins,1050.0,904,1050.0,0.0,NGA,11.3964223378115,2265.15520863056
Nigeria,2019,Pulses & Legumes,506.0,1137,506.0,0.0,NGA,11.3964223378115,2265.15520863056
Nigeria,2019,Sugar & Sweeteners,183.0,226,183.0,0.0,NGA,11.3964223378115,2265.15520863056
Nigeria,2019,Vegetables,100.0,678,100.0,0.0,NGA,11.3964223378115,2265.15520863056
Nigeria,2020,Cereals & Grains,1054.97,2085,807.0,30.727385377943,NGA,13.2460234276598,2019.65706326224
Nigeria,2020,Dairy,1000.0,202,1000.0,0.0,NGA,13.2460234276598,2019.65706326224
Nigeria,2020,Oils & Fats,533.0,357,467.0,14.132762312633835,NGA,13.2460234276598,2019.65706326224
Nigeria,2020,Other,322.95,4393,250.0,29.179999999999996,NGA,13.2460234276598,2019.65706326224
Nigeria,2020,Proteins,1050.0,808,1050.0,0.0,NGA,13.2460234276598,2019.65706326224
Nigeria,2020,Pulses & Legumes,481.0,1297,506.0,-4.940711462450593,NGA,13.2460234276598,2019.65706326224
Nigeria,2020,Sugar & Sweeteners,226.5,202,183.0,23.770491803278688,NGA,13.2460234276598,2019.65706326224
Nigeria,2020,Vegetables,106.5,606,100.0,6.5,NGA,13.2460234276598,2019.65706326224
Nigeria,2021,Cereals & Grains,1203.0,2179,807.0,49.07063197026022,NGA,16.9528457221608,2017.27486481527
Nigeria,2021,Dairy,1200.0,203,1000.0,20.0,NGA,16.9528457221608,2017.27486481527
Nigeria,2021,Oils & Fats,800.0,382,467.0,71.30620985010707,NGA,16.9528457221608,2017.27486481527
Nigeria,2021,Other,471.0,4722,250.0,88.4,NGA,16.9528457221608,2017.27486481527
Nigeria,2021,Proteins,1300.0,812,1050.0,23.809523809523807,NGA,16.9528457221608,2017.27486481527
Nigeria,2021,Pulses & Legumes,1058.0,1343,506.0,109.09090909090908,NGA,16.9528457221608,2017.27486481527
Nigeria,2021,Sugar & Sweeteners,250.0,203,183.0,36.6120218579235,NGA,16.9528457221608,2017.27486481527
Nigeria,2021,Vegetables,116.0,609,100.0,16.0,NGA,16.9528457221608,2017.27486481527
Nigeria,2022,Cereals & Grains,1500.0,1889,807.0,85.87360594795538,NGA,18.8471877843274,2139.37478476974
Nigeria,2022,Dairy,1400.0,85,1000.0,40.0,NGA,18.8471877843274,2139.37478476974
Nigeria,2022,Oils & Fats,1000.0,272,467.0,114.13276231263383,NGA,18.8471877843274,2139.37478476974
Nigeria,2022,Other,652.87,3727,250.0,161.148,NGA,18.8471877843274,2139.37478476974
Nigeria,2022,Proteins,1400.0,340,1050.0,33.33333333333333,NGA,18.8471877843274,2139.37478476974
Nigeria,2022,Pulses & Legumes,1250.0,995,506.0,147.03557312252963,NGA,18.8471877843274,2139.37478476974
Nigeria,2022,Sugar & Sweeteners,288.0,85,183.0,57.377049180327866,NGA,18.8471877843274,2139.37478476974
Nigeria,2022,Vegetables,125.0,255,100.0,25.0,NGA,18.8471877843274,2139.37478476974
Nigeria,2023,Cereals & Grains,1931.0,751,807.0,139.2812887236679,NGA,24.6595502031139,1596.63696129001
Nigeria,2023,Dairy,2140.0,217,1000.0,113.99999999999999,NGA,24.6595502031139,1596.63696129001
Nigeria,2023,Oils & Fats,1300.0,249,467.0,178.372591006424,NGA,24.6595502031139,1596.63696129001
Nigeria,2023,Other,486.405,2306,250.0,94.56199999999998,NGA,24.6595502031139,1596.63696129001
Nigeria,2023,Proteins,2400.0,916,1050.0,128.57142857142858,NGA,24.6595502031139,1596.63696129001
Nigeria,2023,Pulses & Legumes,1300.0,752,506.0,156.91699604743084,NGA,24.6595502031139,1596.63696129001
Nigeria,2023,Sugar & Sweeteners,545.16,233,183.0,197.9016393442623,NGA,24.6595502031139,1596.63696129001
Nigeria,2023,Vegetables,200.0,673,100.0,100.0,NGA,24.6595502031139,1596.63696129001
Nigeria,2024,Cereals & Grains,3660.0,721,807.0,353.53159851301115,NGA,33.2420966545405,806.945695055244
Nigeria,2024,Dairy,3506.25,247,1000.0,250.625,NGA,33.2420966545405,806.945695055244
Nigeria,2024,Oils & Fats,1716.38,249,467.0,267.5331905781585,NGA,33.2420966545405,806.945695055244
Nigeria,2024,Other,975.0,2181,250.0,290.0,NGA,33.2420966545405,806.945695055244
Nigeria,2024,Proteins,3783.87,967,1050.0,260.36857142857144,NGA,33.2420966545405,806.945695055244
Nigeria,2024,Pulses & Legumes,3491.67,723,506.0,590.0533596837945,NGA,33.2420966545405,806.945695055244
Nigeria,2024,Sugar & Sweeteners,1108.335,250,183.0,505.6475409836065,NGA,33.2420966545405,806.945695055244
Nigeria,2024,Vegetables,400.0,729,100.0,300.0,NGA,33.2420966545405,806.945695055244
Nigeria,2025,Cereals & Grains,3316.67,798,807.0,310.9876084262702,,,
Nigeria,2025,Dairy,4000.0,287,1000.0,300.0,,,
Nigeria,2025,Oils & Fats,2500.0,288,467.0,435.3319057815845,,,
Nigeria,2025,Other,973.08,2463,250.0,289.232,,,
Nigeria,2025,Proteins,5762.695,1118,1050.0,448.8280952380952,,,
Nigeria,2025,Pulses & Legumes,2596.67,803,506.0,413.1758893280632,,,
Nigeria,2025,Sugar & Sweeteners,1060.0,287,183.0,479.23497267759564,,,
Nigeria,2025,Vegetables,500.0,847,100.0,400.0,,,
Pakistan,2019,Cereals & Grains,52.07,240,52.07,0.0,PAK,10.5783618004555,1390.41690981745
Pakistan,2019,Dairy,94.94,60,94.94,0.0,PAK,10.5783618004555,1390.41690981745
Pakistan,2019,Oils & Fats,211.5,120,211.5,0.0,PAK,10.5783618004555,1390.41690981745
Pakistan,2019,Other,134.91,240,134.91,0.0,PAK,10.5783618004555,1390.41690981745
Pakistan,2019,Proteins,103.185,60,103.185,0.0,PAK,10.5783618004555,1390.41690981745
Pakistan,2019,Pulses & Legumes,155.41500000000002,180,155.41500000000002,0.0,PAK,10.5783618004555,1390.41690981745
Pakistan,2019,Sugar & Sweeteners,70.75999999999999,60,70.75999999999999,0.0,PAK,10.5783618004555,1390.41690981745
Pakistan,2020,Cereals & Grains,59.875,240,52.07,14.989437295947761,PAK,9.73999313898157,1278.39735206896
Pakistan,2020,Dairy,106.075,60,94.94,11.728460080050564,PAK,9.73999313898157,1278.39735206896
Pakistan,2020,Oils & Fats,254.025,120,211.5,20.10638297872341,PAK,9.73999313898157,1278.39735206896
Pakistan,2020,Other,127.8,240,134.91,-5.270180120080052,PAK,9.73999313898157,1278.39735206896
Pakistan,2020,Proteins,126.12,60,103.185,22.22706788777439,PAK,9.73999313898157,1278.39735206896
Pakistan,2020,Pulses & Legumes,227.83999999999997,180,155.41500000000002,46.60103593604217,PAK,9.73999313898157,1278.39735206896
Pakistan,2020,Sugar & Sweeteners,84.275,60,70.75999999999999,19.09977388355005,PAK,9.73999313898157,1278.39735206896
Pakistan,2021,Cereals & Grains,62.32,240,52.07,19.68503937007874,PAK,9.49621056124947,1455.31922370186
Pakistan,2021,Dairy,120.0,60,94.94,26.39561828523278,PAK,9.49621056124947,1455.31922370186
Pakistan,2021,Oils & Fats,313.315,120,211.5,48.13947990543735,PAK,9.49621056124947,1455.31922370186
Pakistan,2021,Other,144.29500000000002,240,134.91,6.956489511526217,PAK,9.49621056124947,1455.31922370186
Pakistan,2021,Proteins,162.975,60,103.185,57.944468672772196,PAK,9.49621056124947,1455.31922370186
Pakistan,2021,Pulses & Legumes,211.51,180,155.41500000000002,36.09368465077371,PAK,9.49621056124947,1455.31922370186
Pakistan,2021,Sugar & Sweeteners,99.955,60,70.75999999999999,41.25918598078012,PAK,9.49621056124947,1455.31922370186
Pakistan,2022,Cereals & Grains,84.71000000000001,240,52.07,62.68484732091417,PAK,19.8738599646655,1538.3228133171
Pakistan,2022,Dairy,130.435,60,94.94,37.38677059195282,PAK,19.8738599646655,1538.3228133171
Pakistan,2022,Oils & Fats,536.5450000000001,120,211.5,153.68557919621753,PAK,19.8738599646655,1538.3228133171
Pakistan,2022,Other,245.40499999999997,240,134.91,81.90274998146911,PAK,19.8738599646655,1538.3228133171
Pakistan,2022,Proteins,191.405,60,103.185,85.49692300237437,PAK,19.8738599646655,1538.3228133171
Pakistan,2022,Pulses & Legumes,257.44,180,155.41500000000002,65.64681658784542,PAK,19.8738599646655,1538.3228133171
Pakistan,2022,Sugar & Sweeteners,89.555,60,70.75999999999999,26.56161673261732,PAK,19.8738599646655,1538.3228133171
Pakistan,2023,Cereals & Grains,138.875,238,52.07,166.70827731899368,PAK,30.7681280657005,1365.16927410976
Pakistan,2023,Dairy,189.32999999999998,60,94.94,99.420686749526,PAK,30.7681280657005,1365.16927410976
Pakistan,2023,Oils & Fats,592.0,120,211.5,179.90543735224585,PAK,30.7681280657005,1365.16927410976
Pakistan,2023,Other,321.21500000000003,240,134.91,138.09576754873623,PAK,30.7681280657005,1365.16927410976
Pakistan,2023,Proteins,285.74,60,103.185,176.9200949750448,PAK,30.7681280657005,1365.16927410976
Pakistan,2023,Pulses & Legumes,311.78,180,155.41500000000002,100.61126660875715,PAK,30.7681280657005,1365.16927410976
Pakistan,2023,Sugar & Sweeteners,134.62,60,70.75999999999999,90.24872809496894,PAK,30.7681280657005,1365.16927410976
Pakistan,2024,Cereals & Grains,143.77499999999998,240,52.07,176.1186863837142,PAK,12.6325318530452,1484.74985864775
Pakistan,2024,Dairy,200.0,60,94.94,110.6593638087213,PAK,12.6325318530452,1484.74985864775
Pakistan,2024,Oils & Fats,528.71,120,211.5,149.98108747044918,PAK,12.6325318530452,1484.74985864775
Pakistan,2024,Other,299.83,240,134.91,122.24445926914238,PAK,12.6325318530452,1484.74985864775
Pakistan,2024,Proteins,286.605,60,103.185,177.75839511556916,PAK,12.6325318530452,1484.74985864775
Pakistan,2024,Pulses & Legumes,351.375,180,155.41500000000002,126.08821542322165,PAK,12.6325318530452,1484.74985864775
Pakistan,2024,Sugar & Sweeteners,145.25,60,70.75999999999999,105.27133973996612,PAK,12.6325318530452,1484.74985864775
Pakistan,2025,Cereals & Grains,124.93,200,52.07,139.9270213174573,,,
Pakistan,2025,Dairy,200.0,50,94.94,110.6593638087213,,,
Pakistan,2025,Oils & Fats,579.175,100,211.5,173.8416075650118,,,
Pakistan,2025,Other,292.78499999999997,200,134.91,117.02245941738936,,,
Pakistan,2025,Proteins,289.355,50,103.185,180.4235111692591,,,
Pakistan,2025,Pulses & Legumes,397.70500000000004,150,155.41500000000002,155.89872277450695,,,
Pakistan,2025,Sugar & Sweeteners,176.5,50,70.75999999999999,149.4347088750707,,,
Palestine,2019,Cereals & Grains,80.0,374,80.0,0.0,,,
Palestine,2019,Dairy,7.17,345,7.17,0.0,,,
Palestine,2019,Oils & Fats,33.91,84,33.91,0.0,,,
Palestine,2019,Other,4.92,749,4.92,0.0,,,
Palestine,2019,Proteins,15.79,457,15.79,0.0,,,
Palestine,2019,Pulses & Legumes,7.0,169,7.0,0.0,,,
Palestine,2019,Sugar & Sweeteners,3.1500000000000004,92,3.1500000000000004,0.0,,,
Palestine,2019,Vegetables,3.68,262,3.68,0.0,,,
Palestine,2020,Cereals & Grains,78.0,384,80.0,-2.5,,,
Palestine,2020,Dairy,7.46,364,7.17,4.0446304044630415,,,
Palestine,2020,Oils & Fats,30.575000000000003,92,33.91,-9.834856974343834,,,
Palestine,2020,Other,5.0,771,4.92,1.6260162601626031,,,
Palestine,2020,Proteins,15.94,463,15.79,0.949968334388856,,,
Palestine,2020,Pulses & Legumes,7.0,160,7.0,0.0,,,
Palestine,2020,Sugar & Sweeteners,3.0,88,3.1500000000000004,-4.7619047619047725,,,
Palestine,2020,Vegetables,3.42,256,3.68,-7.065217391304354,,,
Palestine,2021,Cereals & Grains,82.0,381,80.0,2.5,,,
Palestine,2021,Dairy,7.475,358,7.17,4.253835425383539,,,
Palestine,2021,Oils & Fats,30.4,83,33.91,-10.350928929519311,,,
Palestine,2021,Other,4.859999999999999,768,4.92,-1.2195121951219614,,,
Palestine,2021,Proteins,16.0,483,15.79,1.3299556681444007,,,
Palestine,2021,Pulses & Legumes,6.8,171,7.0,-2.85714285714286,,,
Palestine,2021,Sugar & Sweeteners,3.05,88,3.1500000000000004,-3.174603174603191,,,
Palestine,2021,Vegetables,3.06,244,3.68,-16.847826086956523,,,
Palestine,2022,Cereals & Grains,102.0,72,80.0,27.500000000000004,,,
Palestine,2022,Dairy,16.57,66,7.17,131.10181311018133,,,
Palestine,2022,Oils & Fats,29.94,14,33.91,-11.707460925980524,,,
Palestine,2022,Other,5.01,128,4.92,1.829268292682924,,,
Palestine,2022,Proteins,15.35,89,15.79,-2.786573780873968,,,
Palestine,2022,Pulses & Legumes,6.13,34,7.0,-12.42857142857143,,,
Palestine,2022,Sugar & Sweeteners,3.04,21,3.1500000000000004,-3.492063492063502,,,
Palestine,2022,Vegetables,3.28,44,3.68,-10.869565217391314,,,
Palestine,2023,Cereals & Grains,95.0,70,80.0,18.75,,,
Palestine,2023,Dairy,16.57,62,7.17,131.10181311018133,,,
Palestine,2023,Oils & Fats,29.755,16,33.91,-12.253022707166023,,,
Palestine,2023,Other,5.09,137,4.92,3.455284552845527,,,
Palestine,2023,Proteins,16.085,100,15.79,1.868271057631423,,,
Palestine,2023,Pulses & Legumes,6.13,42,7.0,-12.42857142857143,,,
Palestine,2023,Sugar & Sweeteners,3.935,14,3.1500000000000004,24.920634920634907,,,
Palestine,2023,Vegetables,3.65,43,3.68,-0.8152173913043546,,,
Palestine,2024,Cereals & Grains,155.48000000000002,72,80.0,94.35000000000002,,,
Palestine,2024,Dairy,25.09,63,7.17,249.93026499302653,,,
Palestine,2024,Oils & Fats,35.81,17,33.91,5.60306694190506,,,
Palestine,2024,Other,8.0,138,4.92,62.60162601626017,,,
Palestine,2024,Proteins,29.33,100,15.79,85.7504749841672,,,
Palestine,2024,Pulses & Legumes,8.17,41,7.0,16.71428571428571,,,
Palestine,2024,Sugar & Sweeteners,4.91,16,3.1500000000000004,55.873015873015866,,,
Palestine,2024,Vegetables,6.69,53,3.68,81.79347826086956,,,
Palestine,2025,Cereals & Grains,144.675,48,80.0,80.84375000000001,,,
Palestine,2025,Dairy,10.56,46,7.17,47.28033472803348,,,
Palestine,2025,Oils & Fats,50.6,11,33.91,49.21851961073432,,,
Palestine,2025,Other,8.81,105,4.92,79.06504065040652,,,
Palestine,2025,Proteins,58.275000000000006,72,15.79,269.06269791006974,,,
Palestine,2025,Pulses & Legumes,8.4,30,7.0,20.000000000000004,,,
Palestine,2025,Sugar & Sweeteners,13.09,11,3.1500000000000004,315.5555555555555,,,
Palestine,2025,Vegetables,4.535,34,3.68,23.23369565217391,,,
Panama,2019,Cereals & Grains,0.91,57,0.91,0.0,PAN,-0.355083821021219,16477.9066285687
Panama,2019,Pulses & Legumes,20.849999999999998,72,20.849999999999998,0.0,PAN,-0.355083821021219,16477.9066285687
Panama,2020,Cereals & Grains,10.290000000000001,46,0.91,1030.769230769231,PAN,-1.55027540803762,13290.5608347594
Panama,2020,Pulses & Legumes,19.380000000000003,72,20.849999999999998,-7.050359712230193,PAN,-1.55027540803762,13290.5608347594
Panama,2021,Cereals & Grains,0.91,55,0.91,0.0,PAN,1.63070337301895,15509.8069109784
Panama,2021,Pulses & Legumes,20.685000000000002,72,20.849999999999998,-0.7913669064747991,PAN,1.63070337301895,15509.8069109784
Panama,2022,Cereals & Grains,0.92,29,0.91,1.0989010989010999,PAN,2.85965128834714,17332.4360742988
Panama,2022,Pulses & Legumes,35.885,36,20.849999999999998,72.11031175059954,PAN,2.85965128834714,17332.4360742988
Paraguay,2019,Cereals & Grains,4000.0,48,4000.0,0.0,PRY,2.75709727562778,5821.18199548637
Paraguay,2019,Other,978.0699999999999,6,978.0699999999999,0.0,PRY,2.75709727562778,5821.18199548637
Paraguay,2020,Cereals & Grains,4000.0,40,4000.0,0.0,PRY,1.76751592356698,5365.47220721191
Paraguay,2021,Cereals & Grains,4096.34,50,4000.0,2.4085000000000036,PRY,4.78798310123602,5976.9317978996
Paraguay,2022,Cereals & Grains,5721.68,30,4000.0,43.04200000000001,PRY,9.76556667164403,6205.6259537937
Peru,2019,Cereals & Grains,2.67,139,2.67,0.0,PER,2.25212191358024,7037.00803692604
Peru,2019,Proteins,7.615,12,7.615,0.0,PER,2.25212191358024,7037.00803692604
Peru,2019,Sugar & Sweeteners,2.225,12,2.225,0.0,PER,2.25212191358024,7037.00803692604
Peru,2019,Vegetables,1.8849999999999998,36,1.8849999999999998,0.0,PER,2.25212191358024,7037.00803692604
Peru,2020,Cereals & Grains,2.535,92,2.67,-5.056179775280891,PER,2.00241205759293,6133.32552410183
Peru,2020,Proteins,7.54,10,7.615,-0.9848982271831934,PER,2.00241205759293,6133.32552410183
Peru,2020,Sugar & Sweeteners,2.73,8,2.225,22.696629213483142,PER,2.00241205759293,6133.32552410183
Peru,2020,Vegetables,1.63,29,1.8849999999999998,-13.527851458885937,PER,2.00241205759293,6133.32552410183
Peru,2021,Cereals & Grains,2.5,88,2.67,-6.3670411985018704,PER,4.27166381536798,6826.20255614477
Peru,2021,Proteins,8.895,12,7.615,16.808929743926452,PER,4.27166381536798,6826.20255614477
Peru,2021,Vegetables,1.085,20,1.8849999999999998,-42.44031830238726,PER,4.27166381536798,6826.20255614477
Peru,2022,Cereals & Grains,2.34,24,2.67,-12.359550561797755,PER,8.33370630096233,7350.63034300417
Peru,2022,Proteins,9.19,6,7.615,20.682862770847002,PER,8.33370630096233,7350.63034300417
Peru,2022,Vegetables,1.205,6,1.8849999999999998,-36.074270557029166,PER,8.33370630096233,7350.63034300417
Philippines,2019,Cereals & Grains,35.379999999999995,316,35.379999999999995,0.0,PHL,2.39206534422405,3400.78949767074
Philippines,2019,Other,53.68,128,53.68,0.0,PHL,2.39206534422405,3400.78949767074
Philippines,2019,Proteins,177.01,396,177.01,0.0,PHL,2.39206534422405,3400.78949767074
Philippines,2019,Pulses & Legumes,82.5,21,82.5,0.0,PHL,2.39206534422405,3400.78949767074
Philippines,2019,Vegetables,53.0,566,53.0,0.0,PHL,2.39206534422405,3400.78949767074
Philippines,2020,Cereals & Grains,40.21,1694,35.379999999999995,13.651780667043544,PHL,2.39316239316239,3227.57910235199
Philippines,2020,Other,62.69,6863,53.68,16.78464977645305,PHL,2.39316239316239,3227.57910235199
Philippines,2020,Proteins,180.0,6437,177.01,1.6891701033839948,PHL,2.39316239316239,3227.57910235199
Philippines,2020,Pulses & Legumes,77.045,760,82.5,-6.61212121212121,PHL,2.39316239316239,3227.57910235199
Philippines,2020,Vegetables,78.31,4417,53.0,47.75471698113208,PHL,2.39316239316239,3227.57910235199
Philippines,2021,Cereals & Grains,39.31,2004,35.379999999999995,11.107970604861524,PHL,3.92718022100329,3484.38593882819
Philippines,2021,Other,83.25,6591,53.68,55.08569299552906,PHL,3.92718022100329,3484.38593882819
Philippines,2021,Proteins,200.0,6851,177.01,12.987966781537772,PHL,3.92718022100329,3484.38593882819
Philippines,2021,Pulses & Legumes,87.61500000000001,650,82.5,6.200000000000011,PHL,3.92718022100329,3484.38593882819
Philippines,2021,Vegetables,90.0,3160,53.0,69.81132075471697,PHL,3.92718022100329,3484.38593882819
Philippines,2022,Cereals & Grains,40.72,2002,35.379999999999995,15.093273035613352,PHL,5.82115811213955,3548.06930572116
Philippines,2022,Other,90.0,5824,53.68,67.6602086438152,PHL,5.82115811213955,3548.06930572116
Philippines,2022,Proteins,235.0,6303,177.01,32.76086096830688,PHL,5.82115811213955,3548.06930572116
Philippines,2022,Pulses & Legumes,92.5,540,82.5,12.121212121212121,PHL,5.82115811213955,3548.06930572116
Philippines,2022,Vegetables,94.25,3635,53.0,77.83018867924528,PHL,5.82115811213955,3548.06930572116
Philippines,2023,Cereals & Grains,44.620000000000005,1992,35.379999999999995,26.116449971735474,PHL,5.97802515541414,3804.08274131097
Philippines,2023,Other,92.5,5835,53.68,72.31743666169895,PHL,5.97802515541414,3804.08274131097
Philippines,2023,Proteins,250.0,6321,177.01,41.234958476922216,PHL,5.97802515541414,3804.08274131097
Philippines,2023,Pulses & Legumes,98.10499999999999,566,82.5,18.9151515151515,PHL,5.97802515541414,3804.08274131097
Philippines,2023,Vegetables,124.88,3625,53.0,135.62264150943395,PHL,5.97802515541414,3804.08274131097
Philippines,2024,Cereals & Grains,52.715,1996,35.379999999999995,48.99660825325045,PHL,3.21260487006343,3984.8315387656
Philippines,2024,Other,100.0,5776,53.68,86.28912071535022,PHL,3.21260487006343,3984.8315387656
Philippines,2024,Proteins,252.5,6305,177.01,42.64730806169143,PHL,3.21260487006343,3984.8315387656
Philippines,2024,Pulses & Legumes,101.25,529,82.5,22.727272727272727,PHL,3.21260487006343,3984.8315387656
Philippines,2024,Vegetables,118.75,3631,53.0,124.0566037735849,PHL,3.21260487006343,3984.8315387656
Philippines,2025,Cereals & Grains,46.88,1507,35.379999999999995,32.50423968343699,,,
Philippines,2025,Other,105.63,4511,53.68,96.77719821162444,,,
Philippines,2025,Proteins,262.5,4840,177.01,48.29670640076832,,,
Philippines,2025,Pulses & Legumes,103.75,447,82.5,25.757575757575758,,,
Philippines,2025,Vegetables,123.75,2783,53.0,133.49056603773585,,,
Russia,2019,Cereals & Grains,19.8,67,19.8,0.0,,,
Russia,2020,Cereals & Grains,19.2,17,19.8,-3.0303030303030374,,,
Rwanda,2019,Cereals & Grains,600.0,1027,600.0,0.0,RWA,3.34787655037643,810.051412137354
Rwanda,2019,Oils & Fats,1500.0,317,1500.0,0.0,RWA,3.34787655037643,810.051412137354
Rwanda,2019,Other,225.0,834,225.0,0.0,RWA,3.34787655037643,810.051412137354
Rwanda,2019,Proteins,2000.0,247,2000.0,0.0,RWA,3.34787655037643,810.051412137354
Rwanda,2019,Pulses & Legumes,440.0,201,440.0,0.0,RWA,3.34787655037643,810.051412137354
Rwanda,2019,Sugar & Sweeteners,900.0,191,900.0,0.0,RWA,3.34787655037643,810.051412137354
Rwanda,2019,Vegetables,200.0,315,200.0,0.0,RWA,3.34787655037643,810.051412137354
Rwanda,2020,Cereals & Grains,680.0,953,600.0,13.333333333333334,RWA,9.85039902274208,778.701498787411
Rwanda,2020,Oils & Fats,1630.5549999999998,316,1500.0,8.703666666666656,RWA,9.85039902274208,778.701498787411
Rwanda,2020,Other,250.0,813,225.0,11.11111111111111,RWA,9.85039902274208,778.701498787411
Rwanda,2020,Proteins,2125.0,248,2000.0,6.25,RWA,9.85039902274208,778.701498787411
Rwanda,2020,Pulses & Legumes,600.0,197,440.0,36.36363636363637,RWA,9.85039902274208,778.701498787411
Rwanda,2020,Sugar & Sweeteners,933.33,173,900.0,3.7033333333333376,RWA,9.85039902274208,778.701498787411
Rwanda,2020,Vegetables,250.0,296,200.0,25.0,RWA,9.85039902274208,778.701498787411
Rwanda,2021,Cereals & Grains,581.45,787,600.0,-3.0916666666666592,RWA,-0.391346748300811,829.544845639777
Rwanda,2021,Oils & Fats,2164.06,276,1500.0,44.27066666666666,RWA,-0.391346748300811,829.544845639777
Rwanda,2021,Other,250.0,703,225.0,11.11111111111111,RWA,-0.391346748300811,829.544845639777
Rwanda,2021,Proteins,2400.0,192,2000.0,20.0,RWA,-0.391346748300811,829.544845639777
Rwanda,2021,Pulses & Legumes,450.0,166,440.0,2.272727272727273,RWA,-0.391346748300811,829.544845639777
Rwanda,2021,Sugar & Sweeteners,1000.0,151,900.0,11.11111111111111,RWA,-0.391346748300811,829.544845639777
Rwanda,2021,Vegetables,200.0,267,200.0,0.0,RWA,-0.391346748300811,829.544845639777
Rwanda,2022,Cereals & Grains,792.08,737,600.0,32.013333333333335,RWA,17.6892095588153,975.469323979541
Rwanda,2022,Oils & Fats,3000.0,225,1500.0,100.0,RWA,17.6892095588153,975.469323979541
Rwanda,2022,Other,300.0,550,225.0,33.33333333333333,RWA,17.6892095588153,975.469323979541
Rwanda,2022,Proteins,3000.0,145,2000.0,50.0,RWA,17.6892095588153,975.469323979541
Rwanda,2022,Pulses & Legumes,618.865,132,440.0,40.65113636363636,RWA,17.6892095588153,975.469323979541
Rwanda,2022,Sugar & Sweeteners,1400.0,115,900.0,55.55555555555556,RWA,17.6892095588153,975.469323979541
Rwanda,2022,Vegetables,250.0,203,200.0,25.0,RWA,17.6892095588153,975.469323979541
Rwanda,2023,Cereals & Grains,1023.11,857,600.0,70.51833333333335,RWA,19.789546746467,1027.03446804432
Rwanda,2023,Oils & Fats,2422.22,233,1500.0,61.481333333333325,RWA,19.789546746467,1027.03446804432
Rwanda,2023,Other,383.33,620,225.0,70.36888888888888,RWA,19.789546746467,1027.03446804432
Rwanda,2023,Proteins,3000.0,162,2000.0,50.0,RWA,19.789546746467,1027.03446804432
Rwanda,2023,Pulses & Legumes,1135.83,141,440.0,158.1431818181818,RWA,19.789546746467,1027.03446804432
Rwanda,2023,Sugar & Sweeteners,1500.0,126,900.0,66.66666666666666,RWA,19.789546746467,1027.03446804432
Rwanda,2023,Vegetables,400.0,224,200.0,100.0,RWA,19.789546746467,1027.03446804432
Rwanda,2024,Cereals & Grains,924.22,984,600.0,54.03666666666667,RWA,1.77029240198634,999.654561402699
Rwanda,2024,Oils & Fats,2450.0,274,1500.0,63.33333333333333,RWA,1.77029240198634,999.654561402699
Rwanda,2024,Other,400.0,697,225.0,77.77777777777779,RWA,1.77029240198634,999.654561402699
Rwanda,2024,Proteins,4000.0,212,2000.0,100.0,RWA,1.77029240198634,999.654561402699
Rwanda,2024,Pulses & Legumes,731.77,158,440.0,66.31136363636362,RWA,1.77029240198634,999.654561402699
Rwanda,2024,Sugar & Sweeteners,1600.0,147,900.0,77.77777777777779,RWA,1.77029240198634,999.654561402699
Rwanda,2024,Vegetables,450.0,258,200.0,125.0,RWA,1.77029240198634,999.654561402699
Rwanda,2025,Cereals & Grains,1000.0,784,600.0,66.66666666666666,,,
Rwanda,2025,Oils & Fats,2862.675,202,1500.0,90.84500000000001,,,
Rwanda,2025,Other,500.0,551,225.0,122.22222222222223,,,
Rwanda,2025,Proteins,3800.0,141,2000.0,90.0,,,
Rwanda,2025,Pulses & Legumes,867.69,131,440.0,97.20227272727274,,,
Rwanda,2025,Sugar & Sweeteners,1719.645,100,900.0,91.07166666666666,,,
Rwanda,2025,Vegetables,450.0,196,200.0,125.0,,,
Senegal,2019,Cereals & Grains,270.0,866,270.0,0.0,SEN,1.7601115119294,1431.18128932159
Senegal,2019,Other,231.0,548,231.0,0.0,SEN,1.7601115119294,1431.18128932159
Senegal,2020,Cereals & Grains,300.0,971,270.0,11.11111111111111,SEN,2.5431468568166,1461.08720350553
Senegal,2020,Other,263.53999999999996,464,231.0,14.086580086580073,SEN,2.5431468568166,1461.08720350553
Senegal,2021,Cereals & Grains,300.0,965,270.0,11.11111111111111,SEN,2.18032278088143,1598.10676952274
Senegal,2021,Other,260.0,501,231.0,12.554112554112553,SEN,2.18032278088143,1598.10676952274
Senegal,2022,Cereals & Grains,375.0,813,270.0,38.88888888888889,SEN,9.69681899081074,1574.0281059306
Senegal,2022,Other,450.0,698,231.0,94.8051948051948,SEN,9.69681899081074,1574.0281059306
Senegal,2023,Cereals & Grains,350.0,1323,270.0,29.629629629629626,SEN,5.93947798773216,1698.03387300843
Senegal,2023,Other,450.0,1355,231.0,94.8051948051948,SEN,5.93947798773216,1698.03387300843
Senegal,2024,Cereals & Grains,425.0,1417,270.0,57.407407407407405,SEN,0.804503298792415,1743.98888384359
Senegal,2024,Other,400.0,1336,231.0,73.16017316017316,SEN,0.804503298792415,1743.98888384359
Senegal,2025,Cereals & Grains,375.0,1026,270.0,38.88888888888889,,,
Senegal,2025,Other,373.33,911,231.0,61.61471861471861,,,
Sierra Leone,2019,Cereals & Grains,6200.0,205,6200.0,0.0,SLE,14.8049990906021,844.049555179116
Sierra Leone,2019,Oils & Fats,9500.0,116,9500.0,0.0,SLE,14.8049990906021,844.049555179116
Sierra Leone,2019,Other,11600.0,289,11600.0,0.0,SLE,14.8049990906021,844.049555179116
Sierra Leone,2019,Proteins,36000.0,233,36000.0,0.0,SLE,14.8049990906021,844.049555179116
Sierra Leone,2019,Pulses & Legumes,7000.0,89,7000.0,0.0,SLE,14.8049990906021,844.049555179116
Sierra Leone,2019,Vegetables,15000.0,182,15000.0,0.0,SLE,14.8049990906021,844.049555179116
Sierra Leone,2020,Cereals & Grains,8000.0,275,6200.0,29.03225806451613,SLE,13.4468711101052,845.982914284565
Sierra Leone,2020,Oils & Fats,11290.0,114,9500.0,18.842105263157894,SLE,13.4468711101052,845.982914284565
Sierra Leone,2020,Other,4545.0,534,11600.0,-60.818965517241374,SLE,13.4468711101052,845.982914284565
Sierra Leone,2020,Proteins,45000.0,252,36000.0,25.0,SLE,13.4468711101052,845.982914284565
Sierra Leone,2020,Pulses & Legumes,9259.26,175,7000.0,32.27514285714286,SLE,13.4468711101052,845.982914284565
Sierra Leone,2020,Vegetables,13637.0,268,15000.0,-9.086666666666666,SLE,13.4468711101052,845.982914284565
Sierra Leone,2021,Cereals & Grains,8000.0,310,6200.0,29.03225806451613,SLE,11.8739588840234,886.192939104469
Sierra Leone,2021,Oils & Fats,11290.32,110,9500.0,18.845473684210525,SLE,11.8739588840234,886.192939104469
Sierra Leone,2021,Other,3409.09,418,11600.0,-70.61129310344828,SLE,11.8739588840234,886.192939104469
Sierra Leone,2021,Proteins,66667.0,124,36000.0,85.1861111111111,SLE,11.8739588840234,886.192939104469
Sierra Leone,2021,Pulses & Legumes,14814.81,22,7000.0,111.64014285714285,SLE,11.8739588840234,886.192939104469
Sierra Leone,2021,Vegetables,13637.0,314,15000.0,-9.086666666666666,SLE,11.8739588840234,886.192939104469
Sierra Leone,2022,Cereals & Grains,12000.0,302,6200.0,93.54838709677419,SLE,27.2082883814653,860.774590932595
Sierra Leone,2022,Oils & Fats,17741.94,99,9500.0,86.75726315789473,SLE,27.2082883814653,860.774590932595
Sierra Leone,2022,Other,5000.0,469,11600.0,-56.896551724137936,SLE,27.2082883814653,860.774590932595
Sierra Leone,2022,Proteins,111111.11,94,36000.0,208.64197222222222,SLE,27.2082883814653,860.774590932595
Sierra Leone,2022,Vegetables,13637.0,283,15000.0,-9.086666666666666,SLE,27.2082883814653,860.774590932595
Sierra Leone,2023,Cereals & Grains,18519.0,325,6200.0,198.69354838709677,SLE,47.6428733253179,757.848680560444
Sierra Leone,2023,Oils & Fats,29032.0,110,9500.0,205.6,SLE,47.6428733253179,757.848680560444
Sierra Leone,2023,Other,10000.0,573,11600.0,-13.793103448275861,SLE,47.6428733253179,757.848680560444
Sierra Leone,2023,Proteins,104444.0,157,36000.0,190.1222222222222,SLE,47.6428733253179,757.848680560444
Sierra Leone,2023,Pulses & Legumes,19231.0,71,7000.0,174.72857142857143,SLE,47.6428733253179,757.848680560444
Sierra Leone,2023,Vegetables,22222.0,317,15000.0,48.14666666666667,SLE,47.6428733253179,757.848680560444
Sierra Leone,2024,Cereals & Grains,24000.0,296,6200.0,287.0967741935484,SLE,28.6337500014115,873.388575182318
Sierra Leone,2024,Oils & Fats,25806.0,104,9500.0,171.64210526315787,SLE,28.6337500014115,873.388575182318
Sierra Leone,2024,Other,15000.0,568,11600.0,29.310344827586203,SLE,28.6337500014115,873.388575182318
Sierra Leone,2024,Proteins,90909.09,276,36000.0,152.52525,SLE,28.6337500014115,873.388575182318
Sierra Leone,2024,Pulses & Legumes,21428.57,289,7000.0,206.12242857142857,SLE,28.6337500014115,873.388575182318
Sierra Leone,2024,Vegetables,27609.225,330,15000.0,84.0615,SLE,28.6337500014115,873.388575182318
Sierra Leone,2025,Cereals & Grains,22222.0,244,6200.0,258.41935483870964,,,
Sierra Leone,2025,Oils & Fats,25806.45,67,9500.0,171.64684210526318,,,
Sierra Leone,2025,Other,15000.0,455,11600.0,29.310344827586203,,,
Sierra Leone,2025,Proteins,113247.86499999999,234,36000.0,214.57740277777776,,,
Sierra Leone,2025,Pulses & Legumes,35714.0,244,7000.0,410.20000000000005,,,
Sierra Leone,2025,Vegetables,23810.0,305,15000.0,58.733333333333334,,,
Somalia,2019,Cereals & Grains,14000.0,449,14000.0,0.0,,,
Somalia,2019,Dairy,24250.0,113,24250.0,0.0,,,
Somalia,2019,Other,19180.0,607,19180.0,0.0,,,
Somalia,2019,Proteins,157500.0,105,157500.0,0.0,,,
Somalia,2019,Vegetables,31900.0,108,31900.0,0.0,,,
Somalia,2020,Cereals & Grains,14400.25,372,14000.0,2.8589285714285713,,,
Somalia,2020,Dairy,25000.0,104,24250.0,3.0927835051546393,,,
Somalia,2020,Other,17690.77,609,19180.0,-7.764494264859226,,,
Somalia,2020,Proteins,180000.0,24,157500.0,14.285714285714285,,,
Somalia,2020,Vegetables,33000.0,89,31900.0,3.4482758620689653,,,
Somalia,2021,Cereals & Grains,16536.67,319,14000.0,18.119071428571417,,,
Somalia,2021,Dairy,25000.0,90,24250.0,3.0927835051546393,,,
Somalia,2021,Other,20000.0,602,19180.0,4.275286757038582,,,
Somalia,2021,Vegetables,34761.29,79,31900.0,8.96956112852665,,,
Somalia,2022,Cereals & Grains,20000.0,358,14000.0,42.857142857142854,,,
Somalia,2022,Dairy,36568.55,106,24250.0,50.79814432989692,,,
Somalia,2022,Other,26000.0,709,19180.0,35.557872784150156,,,
Somalia,2022,Vegetables,56637.93,102,31900.0,77.54836990595612,,,
Somalia,2023,Cereals & Grains,24300.0,589,14000.0,73.57142857142858,,,
Somalia,2023,Dairy,42000.0,187,24250.0,73.19587628865979,,,
Somalia,2023,Other,27600.0,1175,19180.0,43.89989572471325,,,
Somalia,2023,Proteins,168800.0,134,157500.0,7.174603174603175,,,
Somalia,2023,Vegetables,40000.0,452,31900.0,25.391849529780565,,,
Somalia,2024,Cereals & Grains,23429.03,779,14000.0,67.35021428571429,,,
Somalia,2024,Dairy,34435.48,273,24250.0,42.00197938144331,,,
Somalia,2024,Other,28000.0,1904,19180.0,45.98540145985402,,,
Somalia,2024,Proteins,162200.0,260,157500.0,2.984126984126984,,,
Somalia,2024,Vegetables,40500.0,850,31900.0,26.959247648902824,,,
Somalia,2025,Cereals & Grains,22883.120000000003,748,14000.0,63.45085714285717,,,
Somalia,2025,Dairy,30000.0,265,24250.0,23.711340206185564,,,
Somalia,2025,Other,28000.0,1810,19180.0,45.98540145985402,,,
Somalia,2025,Proteins,162000.0,289,157500.0,2.857142857142857,,,
Somalia,2025,Vegetables,34408.065,774,31900.0,7.862272727272734,,,
South Africa,2019,Cereals & Grains,2.84,36,2.84,0.0,ZAF,4.1028507546115,6533.71121032856
South Africa,2020,Cereals & Grains,3.29,36,2.84,15.845070422535217,ZAF,3.23238831615119,5580.60383075189
South Africa,2021,Cereals & Grains,3.42,36,2.84,20.422535211267608,ZAF,4.61874544887136,6843.39941886204
South Africa,2022,Cereals & Grains,4.445,18,2.84,56.51408450704227,ZAF,7.03987272546481,6523.41097815853
South Sudan,2019,Cereals & Grains,315.0,273,315.0,0.0,SSD,87.2413641500032,
South Sudan,2019,Other,500.0,753,500.0,0.0,SSD,87.2413641500032,
South Sudan,2019,Pulses & Legumes,422.5,84,422.5,0.0,SSD,87.2413641500032,
South Sudan,2019,Sugar & Sweeteners,300.0,82,300.0,0.0,SSD,87.2413641500032,
South Sudan,2019,Vegetables,475.0,92,475.0,0.0,SSD,87.2413641500032,
South Sudan,2020,Cereals & Grains,500.0,553,315.0,58.730158730158735,SSD,29.6758435538571,
South Sudan,2020,Other,800.0,2003,500.0,60.0,SSD,29.6758435538571,
South Sudan,2020,Pulses & Legumes,750.0,341,422.5,77.51479289940828,SSD,29.6758435538571,
South Sudan,2020,Sugar & Sweeteners,423.575,122,300.0,41.19166666666666,SSD,29.6758435538571,
South Sudan,2020,Vegetables,734.175,234,475.0,54.56315789473683,SSD,29.6758435538571,
South Sudan,2021,Cereals & Grains,612.6700000000001,670,315.0,94.49841269841272,SSD,10.5167158294359,
South Sudan,2021,Other,1000.0,2646,500.0,100.0,SSD,10.5167158294359,
South Sudan,2021,Pulses & Legumes,1000.0,397,422.5,136.68639053254438,SSD,10.5167158294359,
South Sudan,2021,Sugar & Sweeteners,600.0,139,300.0,100.0,SSD,10.5167158294359,
South Sudan,2021,Vegetables,1150.0,281,475.0,142.10526315789474,SSD,10.5167158294359,
South Sudan,2022,Cereals & Grains,843.51,806,315.0,167.78095238095239,SSD,-6.68732094212666,
South Sudan,2022,Other,1400.0,3070,500.0,180.0,SSD,-6.68732094212666,
South Sudan,2022,Pulses & Legumes,1371.815,480,422.5,224.6899408284024,SSD,-6.68732094212666,
South Sudan,2022,Sugar & Sweeteners,800.0,152,300.0,166.66666666666669,SSD,-6.68732094212666,
South Sudan,2022,Vegetables,1500.0,332,475.0,215.78947368421052,SSD,-6.68732094212666,
South Sudan,2023,Cereals & Grains,1529.17,1053,315.0,385.4507936507937,SSD,2.38280434813755,
South Sudan,2023,Other,2200.0,3098,500.0,340.0,SSD,2.38280434813755,
South Sudan,2023,Pulses & Legumes,2335.63,472,422.5,452.8118343195267,SSD,2.38280434813755,
South Sudan,2023,Sugar & Sweeteners,1487.5,179,300.0,395.83333333333337,SSD,2.38280434813755,
South Sudan,2023,Vegetables,2070.59,333,475.0,335.91368421052636,SSD,2.38280434813755,
South Sudan,2024,Cereals & Grains,4022.5,836,315.0,1176.984126984127,SSD,91.4408220769045,
South Sudan,2024,Other,4937.5,2338,500.0,887.5,SSD,91.4408220769045,
South Sudan,2024,Pulses & Legumes,6630.0,327,422.5,1469.230769230769,SSD,91.4408220769045,
South Sudan,2024,Sugar & Sweeteners,4988.89,181,300.0,1562.9633333333334,SSD,91.4408220769045,
South Sudan,2024,Vegetables,6940.0,479,475.0,1361.0526315789473,SSD,91.4408220769045,
South Sudan,2025,Cereals & Grains,8000.0,664,315.0,2439.6825396825398,,,
South Sudan,2025,Other,10000.0,1892,500.0,1900.0,,,
South Sudan,2025,Pulses & Legumes,14000.0,289,422.5,3213.609467455621,,,
South Sudan,2025,Sugar & Sweeteners,9184.21,163,300.0,2961.403333333333,,,
South Sudan,2025,Vegetables,13078.95,438,475.0,2653.463157894737,,,
Sri Lanka,2019,Cereals & Grains,93.805,14,93.805,0.0,LKA,3.52839358231813,4081.94772722003
Sri Lanka,2020,Cereals & Grains,93.755,92,93.805,-0.05330206278984208,LKA,6.15394508391736,3847.60137695639
Sri Lanka,2021,Cereals & Grains,97.2,30,93.805,3.6192100634294504,LKA,7.01478071238194,3996.96240014909
Sri Lanka,2022,Cereals & Grains,206.17,9,93.805,119.78572570758486,LKA,49.7211021114328,3342.63650253855
Sri Lanka,2023,Cereals & Grains,224.19,313,93.805,138.9957891370396,LKA,16.5411742279832,3798.89016573011
Sri Lanka,2024,Cereals & Grains,239.4,545,93.805,155.21027663770585,LKA,-0.42936004906972,4515.56787322732
Sri Lanka,2025,Cereals & Grains,240.0,382,93.805,155.84990139118383,,,
Sudan,2019,Cereals & Grains,2766.67,25,2766.67,0.0,SDN,50.9940515002971,709.975280761719
Sudan,2019,Dairy,330.0,94,330.0,0.0,SDN,50.9940515002971,709.975280761719
Sudan,2019,Other,76.88,387,76.88,0.0,SDN,50.9940515002971,709.975280761719
Sudan,2019,Proteins,289.0,174,289.0,0.0,SDN,50.9940515002971,709.975280761719
Sudan,2019,Pulses & Legumes,95.5,44,95.5,0.0,SDN,50.9940515002971,709.975280761719
Sudan,2019,Sugar & Sweeteners,40.0,85,40.0,0.0,SDN,50.9940515002971,709.975280761719
Sudan,2019,Vegetables,70.0,282,70.0,0.0,SDN,50.9940515002971,709.975280761719
Sudan,2020,Cereals & Grains,157.0,73,2766.67,-94.32530804179754,SDN,163.257782355457,577.795227050781
Sudan,2020,Dairy,938.0,98,330.0,184.24242424242425,SDN,163.257782355457,577.795227050781
Sudan,2020,Other,193.13,461,76.88,151.20967741935485,SDN,163.257782355457,577.795227050781
Sudan,2020,Proteins,500.0,202,289.0,73.01038062283737,SDN,163.257782355457,577.795227050781
Sudan,2020,Pulses & Legumes,171.5,92,95.5,79.58115183246073,SDN,163.257782355457,577.795227050781
Sudan,2020,Sugar & Sweeteners,100.0,103,40.0,150.0,SDN,163.257782355457,577.795227050781
Sudan,2020,Vegetables,160.0,296,70.0,128.57142857142858,SDN,163.257782355457,577.795227050781
Sudan,2021,Cereals & Grains,358.0,143,2766.67,-87.06025655390776,SDN,359.093040779,712.122009277344
Sudan,2021,Dairy,2180.0,87,330.0,560.6060606060606,SDN,359.093040779,712.122009277344
Sudan,2021,Other,446.88,461,76.88,481.26951092611864,SDN,359.093040779,712.122009277344
Sudan,2021,Proteins,1890.0,168,289.0,553.9792387543253,SDN,359.093040779,712.122009277344
Sudan,2021,Pulses & Legumes,880.0,89,95.5,821.4659685863875,SDN,359.093040779,712.122009277344
Sudan,2021,Sugar & Sweeteners,330.0,93,40.0,725.0,SDN,359.093040779,712.122009277344
Sudan,2021,Vegetables,671.0,284,70.0,858.5714285714286,SDN,359.093040779,712.122009277344
Sudan,2022,Cereals & Grains,750.0,122,2766.67,-72.89159892578442,SDN,138.808460241759,1046.24084472656
Sudan,2022,Dairy,5000.0,95,330.0,1415.1515151515152,SDN,138.808460241759,1046.24084472656
Sudan,2022,Other,1000.0,392,76.88,1200.7284079084288,SDN,138.808460241759,1046.24084472656
Sudan,2022,Proteins,2616.5,188,289.0,805.3633217993079,SDN,138.808460241759,1046.24084472656
Sudan,2022,Pulses & Legumes,1400.0,96,95.5,1365.9685863874347,SDN,138.808460241759,1046.24084472656
Sudan,2022,Sugar & Sweeteners,700.0,95,40.0,1650.0,SDN,138.808460241759,1046.24084472656
Sudan,2022,Vegetables,1333.0,291,70.0,1804.2857142857144,SDN,138.808460241759,1046.24084472656
Sudan,2023,Cereals & Grains,1000.0,87,2766.67,-63.85546523437924,SDN,,797.283447265625
Sudan,2023,Dairy,6800.0,89,330.0,1960.6060606060605,SDN,,797.283447265625
Sudan,2023,Other,1000.0,298,76.88,1200.7284079084288,SDN,,797.283447265625
Sudan,2023,Proteins,3880.0,179,289.0,1242.560553633218,SDN,,797.283447265625
Sudan,2023,Pulses & Legumes,1500.0,73,95.5,1470.6806282722512,SDN,,797.283447265625
Sudan,2023,Sugar & Sweeteners,1000.0,81,40.0,2400.0,SDN,,797.283447265625
Sudan,2023,Vegetables,1593.5,272,70.0,2176.4285714285716,SDN,,797.283447265625
Sudan,2024,Cereals & Grains,2012.5,112,2766.67,-27.259123784188215,SDN,,989.312866210938
Sudan,2024,Dairy,14400.0,94,330.0,4263.636363636363,SDN,,989.312866210938
Sudan,2024,Other,3100.0,336,76.88,3932.258064516129,SDN,,989.312866210938
Sudan,2024,Proteins,8550.0,196,289.0,2858.4775086505188,SDN,,989.312866210938
Sudan,2024,Pulses & Legumes,4200.0,95,95.5,4297.905759162304,SDN,,989.312866210938
Sudan,2024,Sugar & Sweeteners,2600.0,87,40.0,6400.0,SDN,,989.312866210938
Sudan,2024,Vegetables,3882.5,326,70.0,5446.428571428572,SDN,,989.312866210938
Sudan,2025,Cereals & Grains,2500.0,123,2766.67,-9.638663085948092,,,
Sudan,2025,Dairy,19437.5,108,330.0,5790.151515151515,,,
Sudan,2025,Other,3962.5,363,76.88,5054.136316337149,,,
Sudan,2025,Proteins,18000.0,233,289.0,6128.3737024221455,,,
Sudan,2025,Pulses & Legumes,6515.0,96,95.5,6721.989528795811,,,
Sudan,2025,Sugar & Sweeteners,3413.0,111,40.0,8432.5,,,
Sudan,2025,Vegetables,5896.0,349,70.0,8322.857142857143,,,
Syria,2019,Cereals & Grains,300.0,1741,300.0,0.0,,,
Syria,2019,Dairy,300.0,1066,300.0,0.0,,,
Syria,2019,Oils & Fats,650.0,339,650.0,0.0,,,
Syria,2019,Other,555.0,4521,555.0,0.0,,,
Syria,2019,Proteins,1016.67,1707,1016.67,0.0,,,
Syria,2019,Pulses & Legumes,600.0,1286,600.0,0.0,,,
Syria,2019,Sugar & Sweeteners,300.0,343,300.0,0.0,,,
Syria,2019,Vegetables,250.0,974,250.0,0.0,,,
Syria,2020,Cereals & Grains,750.0,2214,300.0,150.0,,,
Syria,2020,Dairy,815.515,1102,300.0,171.83833333333334,,,
Syria,2020,Oils & Fats,2633.0,415,650.0,305.0769230769231,,,
Syria,2020,Other,1100.0,10477,555.0,98.1981981981982,,,
Syria,2020,Proteins,2229.1800000000003,2336,1016.67,119.26288766266342,,,
Syria,2020,Pulses & Legumes,1449.4450000000002,1360,600.0,141.57416666666668,,,
Syria,2020,Sugar & Sweeteners,1119.35,419,300.0,273.1166666666666,,,
Syria,2020,Vegetables,441.145,1618,250.0,76.458,,,
Syria,2021,Cereals & Grains,1894.26,1989,300.0,531.42,,,
Syria,2021,Dairy,2360.0,1083,300.0,686.6666666666666,,,
Syria,2021,Oils & Fats,7500.0,518,650.0,1053.8461538461538,,,
Syria,2021,Other,1984.44,15919,555.0,257.5567567567567,,,
Syria,2021,Proteins,6183.33,3083,1016.67,508.19439936262506,,,
Syria,2021,Pulses & Legumes,3322.58,1479,600.0,453.7633333333333,,,
Syria,2021,Sugar & Sweeteners,2184.21,511,300.0,628.07,,,
Syria,2021,Vegetables,933.82,2071,250.0,273.528,,,
Syria,2022,Cereals & Grains,3000.0,1929,300.0,900.0,,,
Syria,2022,Dairy,3779.57,1093,300.0,1159.8566666666666,,,
Syria,2022,Oils & Fats,12943.33,551,650.0,1891.2815384615385,,,
Syria,2022,Other,3250.0,16208,555.0,485.58558558558553,,,
Syria,2022,Proteins,9991.935000000001,3198,1016.67,882.8100563604711,,,
Syria,2022,Pulses & Legumes,6500.0,1533,600.0,983.3333333333334,,,
Syria,2022,Sugar & Sweeteners,4165.555,540,300.0,1288.5183333333334,,,
Syria,2022,Vegetables,1712.32,2125,250.0,584.9279999999999,,,
Syria,2023,Cereals & Grains,6821.42,1776,300.0,2173.806666666667,,,
Syria,2023,Dairy,9303.92,1004,300.0,3001.306666666667,,,
Syria,2023,Oils & Fats,18817.21,497,650.0,2794.9553846153844,,,
Syria,2023,Other,7000.0,15391,555.0,1161.2612612612613,,,
Syria,2023,Proteins,21817.19,2887,1016.67,2045.9460788653153,,,
Syria,2023,Pulses & Legumes,13224.64,1369,600.0,2104.1066666666666,,,
Syria,2023,Sugar & Sweeteners,10460.61,488,300.0,3386.8700000000003,,,
Syria,2023,Vegetables,3666.67,1955,250.0,1366.668,,,
Syria,2024,Cereals & Grains,10000.0,1974,300.0,3233.3333333333335,,,
Syria,2024,Dairy,13000.0,1105,300.0,4233.333333333334,,,
Syria,2024,Oils & Fats,24033.33,540,650.0,3597.4353846153845,,,
Syria,2024,Other,13079.07,15455,555.0,2256.5891891891893,,,
Syria,2024,Proteins,38655.735,3178,1016.67,3702.1909764230286,,,
Syria,2024,Pulses & Legumes,26459.14,1494,600.0,4309.856666666667,,,
Syria,2024,Sugar & Sweeteners,13966.345000000001,542,300.0,4555.448333333334,,,
Syria,2024,Vegetables,6456.99,2153,250.0,2482.796,,,
Syria,2025,Cereals & Grains,7746.795,1692,300.0,2482.265,,,
Syria,2025,Dairy,11634.41,925,300.0,3778.1366666666663,,,
Syria,2025,Oils & Fats,18508.85,452,650.0,2747.5153846153844,,,
Syria,2025,Other,10387.09,11291,555.0,1771.5477477477477,,,
Syria,2025,Proteins,26466.67,2639,1016.67,2503.27048108039,,,
Syria,2025,Pulses & Legumes,16620.29,1284,600.0,2670.0483333333336,,,
Syria,2025,Sugar & Sweeteners,8333.33,467,300.0,2677.7766666666666,,,
Syria,2025,Vegetables,4963.33,1782,250.0,1885.332,,,
Tajikistan,2019,Cereals & Grains,3.68,148,3.68,0.0,TJK,,871.022372934846
Tajikistan,2019,Dairy,4.34,25,4.34,0.0,TJK,,871.022372934846
Tajikistan,2019,Oils & Fats,12.9,25,12.9,0.0,TJK,,871.022372934846
Tajikistan,2019,Other,9.43,218,9.43,0.0,TJK,,871.022372934846
Tajikistan,2019,Proteins,30.905,98,30.905,0.0,TJK,,871.022372934846
Tajikistan,2019,Pulses & Legumes,12.0,70,12.0,0.0,TJK,,871.022372934846
Tajikistan,2019,Sugar & Sweeteners,6.8,26,6.8,0.0,TJK,,871.022372934846
Tajikistan,2019,Vegetables,3.2,107,3.2,0.0,TJK,,871.022372934846
Tajikistan,2020,Cereals & Grains,4.67,368,3.68,26.90217391304347,TJK,,834.311715460625
Tajikistan,2020,Dairy,4.245,114,4.34,-2.188940092165893,TJK,,834.311715460625
Tajikistan,2020,Oils & Fats,13.67,58,12.9,5.968992248062012,TJK,,834.311715460625
Tajikistan,2020,Other,11.36,599,9.43,20.466595970307527,TJK,,834.311715460625
Tajikistan,2020,Proteins,31.21,236,30.905,0.9868953243811672,TJK,,834.311715460625
Tajikistan,2020,Pulses & Legumes,14.57,185,12.0,21.41666666666667,TJK,,834.311715460625
Tajikistan,2020,Sugar & Sweeteners,7.0,65,6.8,2.941176470588238,TJK,,834.311715460625
Tajikistan,2020,Vegetables,3.42,235,3.2,6.874999999999992,TJK,,834.311715460625
Tajikistan,2021,Cereals & Grains,4.85,477,3.68,31.793478260869552,TJK,,896.748053372182
Tajikistan,2021,Dairy,5.0,140,4.34,15.207373271889404,TJK,,896.748053372182
Tajikistan,2021,Oils & Fats,22.735,72,12.9,76.24031007751937,TJK,,896.748053372182
Tajikistan,2021,Other,11.53,713,9.43,22.269353128313888,TJK,,896.748053372182
Tajikistan,2021,Proteins,39.78,288,30.905,28.71703607830448,TJK,,896.748053372182
Tajikistan,2021,Pulses & Legumes,16.1,225,12.0,34.16666666666668,TJK,,896.748053372182
Tajikistan,2021,Sugar & Sweeteners,9.865,64,6.8,45.07352941176471,TJK,,896.748053372182
Tajikistan,2021,Vegetables,4.07,294,3.2,27.187500000000004,TJK,,896.748053372182
Tajikistan,2022,Cereals & Grains,6.07,675,3.68,64.94565217391305,TJK,,1052.17949484894
Tajikistan,2022,Dairy,6.0,202,4.34,38.24884792626729,TJK,,1052.17949484894
Tajikistan,2022,Oils & Fats,23.73,111,12.9,83.95348837209302,TJK,,1052.17949484894
Tajikistan,2022,Other,11.48,1744,9.43,21.739130434782616,TJK,,1052.17949484894
Tajikistan,2022,Proteins,44.16,420,30.905,42.88950008089304,TJK,,1052.17949484894
Tajikistan,2022,Pulses & Legumes,17.75,313,12.0,47.91666666666667,TJK,,1052.17949484894
Tajikistan,2022,Sugar & Sweeteners,11.44,103,6.8,68.23529411764706,TJK,,1052.17949484894
Tajikistan,2022,Vegetables,5.09,503,3.2,59.062499999999986,TJK,,1052.17949484894
Tajikistan,2023,Cereals & Grains,5.0,759,3.68,35.8695652173913,TJK,,1178.47990060249
Tajikistan,2023,Dairy,7.26,214,4.34,67.2811059907834,TJK,,1178.47990060249
Tajikistan,2023,Oils & Fats,16.0,120,12.9,24.03100775193798,TJK,,1178.47990060249
Tajikistan,2023,Other,10.95,2049,9.43,16.118769883351003,TJK,,1178.47990060249
Tajikistan,2023,Proteins,44.61,474,30.905,44.34557514965215,TJK,,1178.47990060249
Tajikistan,2023,Pulses & Legumes,17.515,358,12.0,45.95833333333334,TJK,,1178.47990060249
Tajikistan,2023,Sugar & Sweeteners,11.74,111,6.8,72.64705882352942,TJK,,1178.47990060249
Tajikistan,2023,Vegetables,6.26,573,3.2,95.62499999999999,TJK,,1178.47990060249
Tajikistan,2024,Cereals & Grains,5.255,778,3.68,42.79891304347825,TJK,,1341.20229027672
Tajikistan,2024,Dairy,7.3,225,4.34,68.20276497695853,TJK,,1341.20229027672
Tajikistan,2024,Oils & Fats,13.63,109,12.9,5.6589147286821735,TJK,,1341.20229027672
Tajikistan,2024,Other,10.96,2130,9.43,16.22481442205728,TJK,,1341.20229027672
Tajikistan,2024,Proteins,43.935,472,30.905,42.16146254651351,TJK,,1341.20229027672
Tajikistan,2024,Pulses & Legumes,17.755,378,12.0,47.95833333333333,TJK,,1341.20229027672
Tajikistan,2024,Sugar & Sweeteners,11.84,124,6.8,74.11764705882354,TJK,,1341.20229027672
Tajikistan,2024,Vegetables,5.0,563,3.2,56.249999999999986,TJK,,1341.20229027672
Tajikistan,2025,Cereals & Grains,4.98,664,3.68,35.32608695652175,,,
Tajikistan,2025,Dairy,7.99,202,4.34,84.10138248847927,,,
Tajikistan,2025,Oils & Fats,16.28,105,12.9,26.201550387596907,,,
Tajikistan,2025,Other,10.57,1751,9.43,12.089077412513262,,,
Tajikistan,2025,Proteins,45.0,395,30.905,45.60750687591004,,,
Tajikistan,2025,Pulses & Legumes,18.11,314,12.0,50.916666666666664,,,
Tajikistan,2025,Sugar & Sweeteners,11.0,88,6.8,61.76470588235294,,,
Tajikistan,2025,Vegetables,5.75,511,3.2,79.68749999999999,,,
Tanzania,2019,Cereals & Grains,1475.9450000000002,1056,1475.9450000000002,0.0,TZA,3.46428057999023,1063.32250976563
Tanzania,2019,Oils & Fats,5000.0,308,5000.0,0.0,TZA,3.46428057999023,1063.32250976563
Tanzania,2019,Other,725.0999999999999,402,725.0999999999999,0.0,TZA,3.46428057999023,1063.32250976563
Tanzania,2019,Proteins,7000.0,603,7000.0,0.0,TZA,3.46428057999023,1063.32250976563
Tanzania,2019,Pulses & Legumes,2000.0,892,2000.0,0.0,TZA,3.46428057999023,1063.32250976563
Tanzania,2019,Sugar & Sweeteners,2600.0,182,2600.0,0.0,TZA,3.46428057999023,1063.32250976563
Tanzania,2019,Vegetables,1051.4499999999998,1166,1051.4499999999998,0.0,TZA,3.46428057999023,1063.32250976563
Tanzania,2020,Cereals & Grains,1500.0,1183,1475.9450000000002,1.6298032785774426,TZA,3.29029062798325,1117.41528320313
Tanzania,2020,Oils & Fats,5000.0,317,5000.0,0.0,TZA,3.29029062798325,1117.41528320313
Tanzania,2020,Other,1037.7,719,725.0999999999999,43.11129499379398,TZA,3.29029062798325,1117.41528320313
Tanzania,2020,Proteins,7000.0,556,7000.0,0.0,TZA,3.29029062798325,1117.41528320313
Tanzania,2020,Pulses & Legumes,2500.0,895,2000.0,25.0,TZA,3.29029062798325,1117.41528320313
Tanzania,2020,Sugar & Sweeteners,2800.0,209,2600.0,7.6923076923076925,TZA,3.29029062798325,1117.41528320313
Tanzania,2020,Vegetables,1133.3,1251,1051.4499999999998,7.784488087878658,TZA,3.29029062798325,1117.41528320313
Tanzania,2021,Cereals & Grains,1768.0,1220,1475.9450000000002,19.787661464349945,TZA,3.69091958802198,1159.85656738281
Tanzania,2021,Oils & Fats,6293.5,222,5000.0,25.869999999999997,TZA,3.69091958802198,1159.85656738281
Tanzania,2021,Other,1892.65,800,725.0999999999999,161.01916976968698,TZA,3.69091958802198,1159.85656738281
Tanzania,2021,Proteins,8000.0,831,7000.0,14.285714285714285,TZA,3.69091958802198,1159.85656738281
Tanzania,2021,Pulses & Legumes,2500.0,1011,2000.0,25.0,TZA,3.69091958802198,1159.85656738281
Tanzania,2021,Sugar & Sweeteners,2800.0,190,2600.0,7.6923076923076925,TZA,3.69091958802198,1159.85656738281
Tanzania,2021,Vegetables,1054.7,1405,1051.4499999999998,0.30909696133912484,TZA,3.69091958802198,1159.85656738281
Tanzania,2022,Cereals & Grains,2173.95,1092,1475.9450000000002,47.292073891642275,TZA,4.35027204269098,1207.85302734375
Tanzania,2022,Oils & Fats,8372.1,201,5000.0,67.44200000000001,TZA,4.35027204269098,1207.85302734375
Tanzania,2022,Other,1656.3,739,725.0999999999999,128.4236657012826,TZA,4.35027204269098,1207.85302734375
Tanzania,2022,Proteins,8729.4,806,7000.0,24.70571428571428,TZA,4.35027204269098,1207.85302734375
Tanzania,2022,Pulses & Legumes,2590.6,910,2000.0,29.529999999999994,TZA,4.35027204269098,1207.85302734375
Tanzania,2022,Sugar & Sweeteners,2848.7,185,2600.0,9.565384615384609,TZA,4.35027204269098,1207.85302734375
Tanzania,2022,Vegetables,1106.0,1273,1051.4499999999998,5.188073612630196,TZA,4.35027204269098,1207.85302734375
Tanzania,2023,Cereals & Grains,200000.0,324,1475.9450000000002,13450.640437143658,TZA,3.7992329138492,1224.48962402344
Tanzania,2023,Other,150000.0,294,725.0999999999999,20586.80182043856,TZA,3.7992329138492,1224.48962402344
Tanzania,2023,Pulses & Legumes,286538.0,137,2000.0,14226.900000000001,TZA,3.7992329138492,1224.48962402344
Tanzania,2023,Vegetables,93166.5,150,1051.4499999999998,8760.763707261403,TZA,3.7992329138492,1224.48962402344
Tanzania,2024,Cereals & Grains,165000.0,530,1475.9450000000002,11079.278360643519,TZA,3.05694676312369,1185.74548339844
Tanzania,2024,Other,150000.0,542,725.0999999999999,20586.80182043856,TZA,3.05694676312369,1185.74548339844
Tanzania,2024,Pulses & Legumes,270000.0,225,2000.0,13400.0,TZA,3.05694676312369,1185.74548339844
Tanzania,2024,Vegetables,90000.0,209,1051.4499999999998,8459.608160159782,TZA,3.05694676312369,1185.74548339844
Tanzania,2025,Cereals & Grains,175417.0,521,1475.9450000000002,11785.063467812146,,,
Tanzania,2025,Other,165385.0,505,725.0999999999999,22708.578127154877,,,
Tanzania,2025,Pulses & Legumes,275500.0,193,2000.0,13675.0,,,
Tanzania,2025,Vegetables,90000.0,194,1051.4499999999998,8459.608160159782,,,
Thailand,2019,Cereals & Grains,10.83,35,10.83,0.0,THA,0.706728601314275,7605.69657797759
Thailand,2019,Proteins,47.855000000000004,12,47.855000000000004,0.0,THA,0.706728601314275,7605.69657797759
Thailand,2020,Cereals & Grains,11.51,7,10.83,6.278855032317633,THA,-0.845937147357064,6985.64393892574
Thailand,2020,Proteins,46.0,3,47.855000000000004,-3.876292968341874,THA,-0.845937147357064,6985.64393892574
Togo,2019,Cereals & Grains,400.0,87,400.0,0.0,TGO,0.674652770077458,826.260654099894
Togo,2019,Other,220.0,85,220.0,0.0,TGO,0.674652770077458,826.260654099894
Togo,2020,Cereals & Grains,450.0,95,400.0,12.5,TGO,1.69928463299407,853.578220263722
Togo,2020,Other,242.0,89,220.0,10.0,TGO,1.69928463299407,853.578220263722
Togo,2021,Cereals & Grains,450.0,98,400.0,12.5,TGO,4.18621506523519,939.613373786407
Togo,2021,Other,304.0,89,220.0,38.18181818181819,TGO,4.18621506523519,939.613373786407
Togo,2022,Cereals & Grains,460.0,46,400.0,15.0,TGO,7.96757361617943,898.758154410712
Togo,2022,Other,300.0,44,220.0,36.36363636363637,TGO,7.96757361617943,898.758154410712
Turkey,2019,Cereals & Grains,5.775,100,5.775,0.0,,,
Turkey,2019,Dairy,23.205,124,23.205,0.0,,,
Turkey,2019,Oils & Fats,26.75,66,26.75,0.0,,,
Turkey,2019,Other,5.36,663,5.36,0.0,,,
Turkey,2019,Proteins,14.75,196,14.75,0.0,,,
Turkey,2019,Pulses & Legumes,9.605,100,9.605,0.0,,,
Turkey,2019,Sugar & Sweeteners,5.07,34,5.07,0.0,,,
Turkey,2019,Vegetables,3.73,147,3.73,0.0,,,
Turkey,2020,Cereals & Grains,6.43,84,5.775,11.34199134199133,,,
Turkey,2020,Dairy,30.08,128,23.205,29.627235509588452,,,
Turkey,2020,Oils & Fats,28.52,65,26.75,6.616822429906541,,,
Turkey,2020,Other,6.49,649,5.36,21.082089552238802,,,
Turkey,2020,Proteins,13.329999999999998,210,14.75,-9.627118644067808,,,
Turkey,2020,Pulses & Legumes,10.08,90,9.605,4.945340968245701,,,
Turkey,2020,Sugar & Sweeteners,5.51,22,5.07,8.678500986193285,,,
Turkey,2020,Vegetables,3.93,150,3.73,5.361930294906172,,,
Turkey,2021,Cereals & Grains,8.795000000000002,84,5.775,52.294372294372316,,,
Turkey,2021,Dairy,27.71,129,23.205,19.413919413919427,,,
Turkey,2021,Oils & Fats,36.894999999999996,66,26.75,37.925233644859794,,,
Turkey,2021,Other,7.4350000000000005,624,5.36,38.71268656716418,,,
Turkey,2021,Proteins,19.85,201,14.75,34.576271186440685,,,
Turkey,2021,Pulses & Legumes,13.99,93,9.605,45.65330557001561,,,
Turkey,2021,Sugar & Sweeteners,5.97,29,5.07,17.751479289940818,,,
Turkey,2021,Vegetables,3.435,134,3.73,-7.908847184986594,,,
Turkey,2022,Cereals & Grains,13.84,43,5.775,139.65367965367963,,,
Turkey,2022,Dairy,22.15,68,23.205,-4.546433958198663,,,
Turkey,2022,Oils & Fats,38.004999999999995,30,26.75,42.07476635514017,,,
Turkey,2022,Other,13.68,331,5.36,155.22388059701493,,,
Turkey,2022,Proteins,39.565,104,14.75,168.2372881355932,,,
Turkey,2022,Pulses & Legumes,22.965,48,9.605,139.09422175950027,,,
Turkey,2022,Sugar & Sweeteners,9.440000000000001,14,5.07,86.19329388560159,,,
Turkey,2022,Vegetables,9.39,70,3.73,151.7426273458445,,,
Turkey,2023,Cereals & Grains,21.355,24,5.775,269.78354978354974,,,
Turkey,2023,Dairy,31.490000000000002,32,23.205,35.703512174100425,,,
Turkey,2023,Oils & Fats,53.6,15,26.75,100.37383177570094,,,
Turkey,2023,Other,19.27,169,5.36,259.5149253731343,,,
Turkey,2023,Proteins,59.56,46,14.75,303.79661016949154,,,
Turkey,2023,Pulses & Legumes,33.295,32,9.605,246.64237376366475,,,
Turkey,2023,Sugar & Sweeteners,16.04,6,5.07,216.37080867850096,,,
Turkey,2023,Vegetables,15.85,31,3.73,324.93297587131366,,,
Turkey,2024,Cereals & Grains,37.77,21,5.775,554.025974025974,,,
Turkey,2024,Dairy,39.545,28,23.205,70.41585865115279,,,
Turkey,2024,Oils & Fats,108.59,15,26.75,305.9439252336449,,,
Turkey,2024,Other,34.82,178,5.36,549.6268656716418,,,
Turkey,2024,Proteins,88.77000000000001,46,14.75,501.83050847457633,,,
Turkey,2024,Pulses & Legumes,52.43000000000001,30,9.605,445.8615304528891,,,
Turkey,2024,Sugar & Sweeteners,21.85,7,5.07,330.9664694280079,,,
Turkey,2024,Vegetables,17.52,35,3.73,369.7050938337801,,,
Turkey,2025,Cereals & Grains,50.455,20,5.775,773.6796536796536,,,
Turkey,2025,Dairy,171.58,23,23.205,639.4096099978453,,,
Turkey,2025,Oils & Fats,138.81,11,26.75,418.91588785046736,,,
Turkey,2025,Other,45.67,137,5.36,752.0522388059701,,,
Turkey,2025,Proteins,92.2,30,14.75,525.0847457627119,,,
Turkey,2025,Pulses & Legumes,59.81,21,9.605,522.6965122332118,,,
Turkey,2025,Sugar & Sweeteners,25.31,3,5.07,399.21104536489145,,,
Turkey,2025,Vegetables,23.32,27,3.73,525.201072386059,,,
Uganda,2019,Cereals & Grains,1500.0,299,1500.0,0.0,UGA,2.86758803446903,822.171150141651
Uganda,2019,Other,1500.0,181,1500.0,0.0,UGA,2.86758803446903,822.171150141651
Uganda,2019,Pulses & Legumes,3000.0,109,3000.0,0.0,UGA,2.86758803446903,822.171150141651
Uganda,2019,Vegetables,6000.0,97,6000.0,0.0,UGA,2.86758803446903,822.171150141651
Uganda,2020,Cereals & Grains,1500.0,283,1500.0,0.0,UGA,3.31332289544504,845.76646385001
Uganda,2020,Other,1400.0,143,1500.0,-6.666666666666667,UGA,3.31332289544504,845.76646385001
Uganda,2020,Pulses & Legumes,3407.0,113,3000.0,13.566666666666666,UGA,3.31332289544504,845.76646385001
Uganda,2020,Vegetables,5914.0,107,6000.0,-1.4333333333333333,UGA,3.31332289544504,845.76646385001
Uganda,2021,Cereals & Grains,1600.0,589,1500.0,6.666666666666667,UGA,2.20457204757409,882.791717442001
Uganda,2021,Other,1500.0,901,1500.0,0.0,UGA,2.20457204757409,882.791717442001
Uganda,2021,Pulses & Legumes,2516.58,190,3000.0,-16.114000000000004,UGA,2.20457204757409,882.791717442001
Uganda,2021,Vegetables,6962.0,268,6000.0,16.03333333333333,UGA,2.20457204757409,882.791717442001
Uganda,2022,Cereals & Grains,2417.0,832,1500.0,61.133333333333326,UGA,7.19578885975811,963.067314233497
Uganda,2022,Other,1867.0,1681,1500.0,24.46666666666667,UGA,7.19578885975811,963.067314233497
Uganda,2022,Pulses & Legumes,3300.0,227,3000.0,10.0,UGA,7.19578885975811,963.067314233497
Uganda,2022,Vegetables,9200.0,344,6000.0,53.333333333333336,UGA,7.19578885975811,963.067314233497
Uganda,2023,Cereals & Grains,2500.0,924,1500.0,66.66666666666666,UGA,5.35094804280395,1002.30913908852
Uganda,2023,Other,2000.0,1740,1500.0,33.33333333333333,UGA,5.35094804280395,1002.30913908852
Uganda,2023,Pulses & Legumes,4303.0,261,3000.0,43.43333333333334,UGA,5.35094804280395,1002.30913908852
Uganda,2023,Vegetables,7000.0,411,6000.0,16.666666666666664,UGA,5.35094804280395,1002.30913908852
Uganda,2024,Cereals & Grains,1950.0,944,1500.0,30.0,UGA,3.32338067086562,1072.71369837695
Uganda,2024,Other,1950.0,1828,1500.0,30.0,UGA,3.32338067086562,1072.71369837695
Uganda,2024,Pulses & Legumes,4000.0,288,3000.0,33.33333333333333,UGA,3.32338067086562,1072.71369837695
Uganda,2024,Vegetables,7000.0,431,6000.0,16.666666666666664,UGA,3.32338067086562,1072.71369837695
Uganda,2025,Cereals & Grains,2029.0,668,1500.0,35.266666666666666,,,
Uganda,2025,Other,2000.0,1328,1500.0,33.33333333333333,,,
Uganda,2025,Pulses & Legumes,3964.5,210,3000.0,32.15,,,
Uganda,2025,Vegetables,7352.0,288,6000.0,22.53333333333333,,,
Ukraine,2019,Cereals & Grains,18.755,1534,18.755,0.0,UKR,7.88671745611135,3619.86157226563
Ukraine,2019,Dairy,24.19,229,24.19,0.0,UKR,7.88671745611135,3619.86157226563
Ukraine,2019,Oils & Fats,40.93,661,40.93,0.0,UKR,7.88671745611135,3619.86157226563
Ukraine,2019,Other,16.905,4304,16.905,0.0,UKR,7.88671745611135,3619.86157226563
Ukraine,2019,Proteins,95.11,1535,95.11,0.0,UKR,7.88671745611135,3619.86157226563
Ukraine,2019,Sugar & Sweeteners,14.015,210,14.015,0.0,UKR,7.88671745611135,3619.86157226563
Ukraine,2019,Vegetables,12.59,624,12.59,0.0,UKR,7.88671745611135,3619.86157226563
Ukraine,2020,Cereals & Grains,21.39,1477,18.755,14.049586776859513,UKR,2.73249209419427,3709.76928710938
Ukraine,2020,Dairy,24.424999999999997,226,24.19,0.9714758164530627,UKR,2.73249209419427,3709.76928710938
Ukraine,2020,Oils & Fats,43.69,638,40.93,6.7432201319325635,UKR,2.73249209419427,3709.76928710938
Ukraine,2020,Other,18.09,4336,16.905,7.009760425909486,UKR,2.73249209419427,3709.76928710938
Ukraine,2020,Proteins,86.775,1516,95.11,-8.763536957207437,UKR,2.73249209419427,3709.76928710938
Ukraine,2020,Sugar & Sweeteners,14.33,223,14.015,2.2475918658580056,UKR,2.73249209419427,3709.76928710938
Ukraine,2020,Vegetables,9.0,649,12.59,-28.51469420174742,UKR,2.73249209419427,3709.76928710938
Ukraine,2021,Cereals & Grains,24.54,1494,18.755,30.845107971207682,UKR,9.36313917695222,4775.94580078125
Ukraine,2021,Dairy,26.48,234,24.19,9.466721785861923,UKR,9.36313917695222,4775.94580078125
Ukraine,2021,Oils & Fats,59.55,638,40.93,45.49230393354507,UKR,9.36313917695222,4775.94580078125
Ukraine,2021,Other,18.81,4277,16.905,11.268855368234235,UKR,9.36313917695222,4775.94580078125
Ukraine,2021,Proteins,101.98,1565,95.11,7.2232152244769265,UKR,9.36313917695222,4775.94580078125
Ukraine,2021,Sugar & Sweeteners,26.32,202,14.015,87.79878701391365,UKR,9.36313917695222,4775.94580078125
Ukraine,2021,Vegetables,9.53,624,12.59,-24.30500397140588,UKR,9.36313917695222,4775.94580078125
Ukraine,2022,Cereals & Grains,31.89,1359,18.755,70.03465742468677,UKR,20.1836366617478,4199.6708984375
Ukraine,2022,Dairy,31.604999999999997,202,24.19,30.65316246382801,UKR,20.1836366617478,4199.6708984375
Ukraine,2022,Oils & Fats,68.52,565,40.93,67.40776936232591,UKR,20.1836366617478,4199.6708984375
Ukraine,2022,Other,28.04,3732,16.905,65.86808636498075,UKR,20.1836366617478,4199.6708984375
Ukraine,2022,Proteins,128.08,1339,95.11,34.66512459257703,UKR,20.1836366617478,4199.6708984375
Ukraine,2022,Sugar & Sweeteners,31.825,184,14.015,127.07813057438457,UKR,20.1836366617478,4199.6708984375
Ukraine,2022,Vegetables,18.115000000000002,560,12.59,43.88403494837174,UKR,20.1836366617478,4199.6708984375
Ukraine,2023,Cereals & Grains,35.47,1368,18.755,89.12290055985072,UKR,12.8490222828559,5139.59814453125
Ukraine,2023,Dairy,35.82,211,24.19,48.07771806531624,UKR,12.8490222828559,5139.59814453125
Ukraine,2023,Oils & Fats,70.14500000000001,556,40.93,71.37796237478624,UKR,12.8490222828559,5139.59814453125
Ukraine,2023,Other,29.035,3808,16.905,71.7539189588879,UKR,12.8490222828559,5139.59814453125
Ukraine,2023,Proteins,156.59500000000003,1290,95.11,64.64619913784043,UKR,12.8490222828559,5139.59814453125
Ukraine,2023,Sugar & Sweeteners,35.28,181,14.015,151.73028897609703,UKR,12.8490222828559,5139.59814453125
Ukraine,2023,Vegetables,15.72,538,12.59,24.861000794281182,UKR,12.8490222828559,5139.59814453125
Ukraine,2024,Cereals & Grains,35.07,1436,18.755,86.99013596374301,UKR,6.50198464669252,5389.47314453125
Ukraine,2024,Dairy,38.91,191,24.19,60.851591566763105,UKR,6.50198464669252,5389.47314453125
Ukraine,2024,Oils & Fats,82.65,574,40.93,101.93012460298073,UKR,6.50198464669252,5389.47314453125
Ukraine,2024,Other,29.39,3916,16.905,73.85388938183969,UKR,6.50198464669252,5389.47314453125
Ukraine,2024,Proteins,174.67,817,95.11,83.65050993586372,UKR,6.50198464669252,5389.47314453125
Ukraine,2024,Sugar & Sweeteners,31.845,194,14.015,127.22083481983589,UKR,6.50198464669252,5389.47314453125
Ukraine,2024,Vegetables,19.02,619,12.59,51.07227958697379,UKR,6.50198464669252,5389.47314453125
Ukraine,2025,Cereals & Grains,37.65,590,18.755,100.7464676086377,,,
Ukraine,2025,Dairy,45.65,105,24.19,88.71434477056633,,,
Ukraine,2025,Oils & Fats,107.08,292,40.93,161.61739555338383,,,
Ukraine,2025,Other,37.08,1982,16.905,119.34338952972492,,,
Ukraine,2025,Proteins,192.46,495,95.11,102.35516770055726,,,
Ukraine,2025,Sugar & Sweeteners,32.45,100,14.015,131.5376382447378,,,
Ukraine,2025,Vegetables,31.29,280,12.59,148.53057982525814,,,
Venezuela,2019,Other,5289.235,6,5289.235,0.0,,,
Venezuela,2022,Other,0.77,109,5289.235,-99.98544212915478,,,
Venezuela,2023,Other,0.81,1149,5289.235,-99.98468587612386,,,
Venezuela,2024,Other,0.77,2220,5289.235,-99.98544212915478,,,
Venezuela,2025,Other,0.79,1098,5289.235,-99.98506400263932,,,
Vietnam,2019,Cereals & Grains,8320.0,3,8320.0,0.0,,,
Vietnam,2021,Cereals & Grains,9137.5,36,8320.0,9.825721153846153,,,
Vietnam,2022,Cereals & Grains,8400.0,18,8320.0,0.9615384615384616,,,
Yemen,2019,Cereals & Grains,312.5,748,312.5,0.0,,,
Yemen,2019,Other,600.0,1513,600.0,0.0,,,
Yemen,2019,Proteins,60.0,238,60.0,0.0,,,
Yemen,2019,Pulses & Legumes,575.0,687,575.0,0.0,,,
Yemen,2019,Sugar & Sweeteners,300.0,176,300.0,0.0,,,
Yemen,2019,Vegetables,437.5,740,437.5,0.0,,,
Yemen,2020,Cereals & Grains,400.0,742,312.5,28.000000000000004,,,
Yemen,2020,Other,731.0,1532,600.0,21.833333333333332,,,
Yemen,2020,Proteins,65.0,197,60.0,8.333333333333332,,,
Yemen,2020,Pulses & Legumes,600.0,681,575.0,4.3478260869565215,,,
Yemen,2020,Sugar & Sweeteners,400.0,185,300.0,33.33333333333333,,,
Yemen,2020,Vegetables,543.75,737,437.5,24.285714285714285,,,
Yemen,2021,Cereals & Grains,875.0,745,312.5,180.0,,,
Yemen,2021,Other,1145.0,1577,600.0,90.83333333333333,,,
Yemen,2021,Proteins,80.0,174,60.0,33.33333333333333,,,
Yemen,2021,Pulses & Legumes,900.0,682,575.0,56.52173913043478,,,
Yemen,2021,Sugar & Sweeteners,487.5,173,300.0,62.5,,,
Yemen,2021,Vegetables,550.0,713,437.5,25.71428571428571,,,
Yemen,2022,Cereals & Grains,928.5,736,312.5,197.12,,,
Yemen,2022,Other,5500.0,1600,600.0,816.6666666666666,,,
Yemen,2022,Proteins,82.08500000000001,184,60.0,36.80833333333335,,,
Yemen,2022,Pulses & Legumes,1450.0,621,575.0,152.17391304347828,,,
Yemen,2022,Sugar & Sweeteners,598.335,182,300.0,99.44500000000002,,,
Yemen,2022,Vegetables,812.5,702,437.5,85.71428571428571,,,
Yemen,2023,Cereals & Grains,911.5,710,312.5,191.68,,,
Yemen,2023,Other,6000.0,1532,600.0,900.0,,,
Yemen,2023,Proteins,80.0,175,60.0,33.33333333333333,,,
Yemen,2023,Pulses & Legumes,1383.33,613,575.0,140.5791304347826,,,
Yemen,2023,Sugar & Sweeteners,995.835,180,300.0,231.94500000000002,,,
Yemen,2023,Vegetables,750.0,686,437.5,71.42857142857143,,,
Yemen,2024,Cereals & Grains,1000.0,516,312.5,220.00000000000003,,,
Yemen,2024,Other,6500.0,1106,600.0,983.3333333333334,,,
Yemen,2024,Proteins,200.0,121,60.0,233.33333333333334,,,
Yemen,2024,Pulses & Legumes,2300.0,465,575.0,300.0,,,
Yemen,2024,Sugar & Sweeteners,1600.0,119,300.0,433.3333333333333,,,
Yemen,2024,Vegetables,1283.33,499,437.5,193.3325714285714,,,
Yemen,2025,Cereals & Grains,1450.0,277,312.5,364.0,,,
Yemen,2025,Other,8000.0,548,600.0,1233.3333333333335,,,
Yemen,2025,Proteins,275.0,67,60.0,358.33333333333337,,,
Yemen,2025,Pulses & Legumes,3066.67,199,575.0,433.3339130434783,,,
Yemen,2025,Sugar & Sweeteners,2000.0,66,300.0,566.6666666666667,,,
Yemen,2025,Vegetables,1750.0,257,437.5,300.0,,,
Zambia,2019,Cereals & Grains,4.4,1823,4.4,0.0,ZMB,9.15031644316299,1258.98619844462
Zambia,2019,Other,15.86,525,15.86,0.0,ZMB,9.15031644316299,1258.98619844462
Zambia,2019,Pulses & Legumes,16.67,510,16.67,0.0,ZMB,9.15031644316299,1258.98619844462
Zambia,2020,Cereals & Grains,5.56,1842,4.4,26.363636363636346,ZMB,15.7330604721369,951.644316655957
Zambia,2020,Other,20.49,517,15.86,29.192938209331647,ZMB,15.7330604721369,951.644316655957
Zambia,2020,Pulses & Legumes,20.655,502,16.67,23.905218956208753,ZMB,15.7330604721369,951.644316655957
Zambia,2021,Cereals & Grains,4.74,1241,4.4,7.727272727272723,ZMB,22.0207676245776,1127.16077872857
Zambia,2021,Other,27.78,432,15.86,75.15762925598992,ZMB,22.0207676245776,1127.16077872857
Zambia,2021,Pulses & Legumes,31.25,454,16.67,87.46250749850029,ZMB,22.0207676245776,1127.16077872857
Zambia,2022,Cereals & Grains,5.025,306,4.4,14.204545454545453,ZMB,10.9932039209136,1447.12310138035
Zambia,2022,Other,32.504999999999995,80,15.86,104.94955863808322,ZMB,10.9932039209136,1447.12310138035
Zambia,2022,Pulses & Legumes,30.0,117,16.67,79.96400719856027,ZMB,10.9932039209136,1447.12310138035
Zambia,2023,Cereals & Grains,232.0,228,4.4,5172.727272727272,ZMB,10.884531691282,1330.72780576709
Zambia,2023,Other,10.0,217,15.86,-36.948297604035304,ZMB,10.884531691282,1330.72780576709
Zambia,2023,Pulses & Legumes,31.0,101,16.67,85.96280743851227,ZMB,10.884531691282,1330.72780576709
Zambia,2024,Cereals & Grains,220.0,3437,4.4,4899.999999999999,ZMB,14.9856262747939,1235.08466482514
Zambia,2024,Other,11.0,2207,15.86,-30.64312736443884,ZMB,14.9856262747939,1235.08466482514
Zambia,2024,Pulses & Legumes,40.0,1127,16.67,139.95200959808037,ZMB,14.9856262747939,1235.08466482514
Zambia,2025,Cereals & Grains,240.0,1717,4.4,5354.545454545454,,,
Zambia,2025,Other,11.4,1238,15.86,-28.121059268600245,,,
Zambia,2025,Pulses & Legumes,46.0,549,16.67,175.9448110377924,,,
Zimbabwe,2019,Cereals & Grains,17.0,15,17.0,0.0,ZWE,255.304990757856,1683.91313584141
Zimbabwe,2019,Other,13.7,79,13.7,0.0,ZWE,255.304990757856,1683.91313584141
Zimbabwe,2019,Proteins,126.67,17,126.67,0.0,ZWE,255.304990757856,1683.91313584141
Zimbabwe,2019,Sugar & Sweeteners,16.13,19,16.13,0.0,ZWE,255.304990757856,1683.91313584141
Zimbabwe,2020,Cereals & Grains,44.67,1049,17.0,162.76470588235296,ZWE,557.201817362051,1730.45391034701
Zimbabwe,2020,Other,41.17,2743,13.7,200.51094890510953,ZWE,557.201817362051,1730.45391034701
Zimbabwe,2020,Proteins,447.5,617,126.67,253.28017683745162,ZWE,557.201817362051,1730.45391034701
Zimbabwe,2020,Sugar & Sweeteners,56.0,678,16.13,247.17916924984507,ZWE,557.201817362051,1730.45391034701
Zimbabwe,2021,Cereals & Grains,66.86,797,17.0,293.29411764705884,ZWE,98.5461050920623,1724.38727102272
Zimbabwe,2021,Other,100.0,1501,13.7,629.92700729927,ZWE,98.5461050920623,1724.38727102272
Zimbabwe,2021,Proteins,1193.33,331,126.67,842.0778400568405,ZWE,98.5461050920623,1724.38727102272
Zimbabwe,2021,Sugar & Sweeteners,125.005,402,16.13,674.9845009299443,ZWE,98.5461050920623,1724.38727102272
Zimbabwe,2022,Cereals & Grains,380.87,354,17.0,2140.4117647058824,ZWE,104.705170628667,2040.54658705395
Zimbabwe,2022,Other,520.0,659,13.7,3695.6204379562046,ZWE,104.705170628667,2040.54658705395
Zimbabwe,2022,Proteins,7101.2,159,126.67,5506.062998342149,ZWE,104.705170628667,2040.54658705395
Zimbabwe,2022,Sugar & Sweeteners,821.71,171,16.13,4994.296342219467,ZWE,104.705170628667,2040.54658705395
Zimbabwe,2023,Cereals & Grains,2263.585,676,17.0,13215.205882352942,ZWE,,2156.03409322984
Zimbabwe,2023,Other,2850.0,1278,13.7,20702.9197080292,ZWE,,2156.03409322984
Zimbabwe,2023,Proteins,32372.02,297,126.67,25456.185363543063,ZWE,,2156.03409322984
Zimbabwe,2023,Sugar & Sweeteners,5314.29,329,16.13,32846.62120272784,ZWE,,2156.03409322984
Zimbabwe,2024,Cereals & Grains,2800.0,80,17.0,16370.588235294119,ZWE,,2656.40937654332
Zimbabwe,2024,Other,1850.0,159,13.7,13403.649635036496,ZWE,,2656.40937654332
Zimbabwe,2024,Proteins,370.78499999999997,30,126.67,192.7172969132391,ZWE,,2656.40937654332
Zimbabwe,2024,Sugar & Sweeteners,6250.0,32,16.13,38647.675139491635,ZWE,,2656.40937654332
Zimbabwe,2025,Cereals & Grains,40.29,15,17.0,137.0,,,
Zimbabwe,2025,Other,40.0,39,13.7,191.97080291970806,,,
Zimbabwe,2025,Proteins,400.0,8,126.67,215.78116365358807,,,
